player_id,playerName,numPasses
49876,Granit Xhaka,3716
70086,Nicol\u00e1s Hern\u00e1n Otamendi,3268
21315,Jorge Luiz Frello Filho,3136
38021,Kevin De Bruyne,3045
25726,Kalidou Koulibaly,2998
105339,Fernando Luiz Rosa,2972
3476,Ivan Rakiti\u0107,2914
14723,Toni Kroos,2851
48,Jan Vertonghen,2835
8277,Kyle Walker,2794
8317,David Josu\u00e9 Jim\u00e9nez Silva,2719
31528,N'Golo Kant\u00e9,2676
3346,Sergio Busquets i Burgos,2676
21171,Marek Ham\u0161\u00edk,2661
25553,C\u00e9sar Azpilicueta Tanco,2659
3269,Jordi Alba Ramos,2634
70122,Nemanja Mati\u0107,2586
210044,Eric  Dier,2581
3306,Sergio Ramos Garc\u00eda,2569
131959,,2536
3300,Ra\u00fal Albiol Tortajada,2412
3676,Asier Illarramendi Andonegi,2399
21385,Lorenzo Insigne,2398
14795,Mats  Hummels,2372
21001,Elseid G\u00ebzim Hysaj,2366
7936,Paul Pogba,2358
364860,Rodrigo Hern\u00e1ndez Cascante,2347
138408,Milan \u0160kriniar,2337
3341,Gerard Piqu\u00e9 Bernab\u00e9u,2336
7964,Jordan Brian Henderson,2328
3319,Mesut \u00d6zil,2322
3350,Francesc F\u00e0bregas i Soler,2285
54,Christian  Dannemann Eriksen,2269
15010,Dante Bonfim da Costa Santos,2223
3280,\u00c9ver Maximiliano David Banega,2221
20459,Leonardo Bonucci,2212
3443,Jorge Resurrecci\u00f3n Merodio,2196
333571,Lucas Torreira Di Pascua,2192
224593,Joshua Kimmich,2190
28292,Abdoulaye Doucour\u00e9,2165
3286,Daniel Parejo Mu\u00f1oz,2155
8287,Luka Modri\u0107,2152
14842,Kevin Vogt,2134
20811,Mat\u00edas Agust\u00edn Silvestre,2133
3353,Andr\u00e9s Iniesta Luj\u00e1n,2122
209117,Adrien Rabiot,2116
102,Marcelo Ant\u00f4nio Guedes Filho,2089
14922,Ricardo Iv\u00e1n Rodr\u00edguez Araya,2080
25393,Dejan Lovren,2075
70093,Jo\u00e3o Filipe Iria Santos Moutinho,2075
69968,Marcelo Brozovi\u0107,2073
340646,Benjamin Pavard,2066
49991,Remo Freuler,2056
8653,Harry  Maguire,2051
26307,A\u00efssa Mandi,2040
346195,Fabi\u00e1n Ruiz Pe\u00f1a,2036
257762,Davinson S\u00e1nchez Mina,2022
7965,Lucas  Pezzini Leiva,2017
7855,Laurent Koscielny,2004
167641,Stanislav Lobotka,1996
21097,Kamil Glik,1995
14716,J\u00e9r\u00f4me Boateng,1993
3276,Adil Rami,1981
62389,Aaron Mooy,1979
8306,Aleksandar Kolarov,1977
69400,Milan Badelj,1967
25397,Samuel Yves Umtiti,1967
3543,Borja Valero Iglesias,1964
3359,Lionel Andr\u00e9s Messi Cuccittini,1959
25541,Jordan Veretout,1957
15937,Diego Demme,1956
20443,Miralem Pjani\u0107,1955
21383,Marco Verratti,1939
14991,Matthias Ginter,1937
20461,Giorgio Chiellini,1931
20394,Thiago Emiliano da Silva,1914
40756,Carlos Henrique Casimiro,1898
25557,J\u00e9r\u00e9my Morel,1879
3563,Francisco Rom\u00e1n Alarc\u00f3n Su\u00e1rez,1877
14722,Luiz Gustavo Dias,1870
3463,Federico Juli\u00e1n Fazio,1870
15806,Jannik Vestergaard,1851
26508,Renaud Cohade,1847
3431,Jo\u00e3o Miranda de Souza Filho,1840
207143,F\u00e1bio Henrique Tavares,1837
231138,Presnel Kimpembe,1834
167145,H\u00e9ctor Beller\u00edn Moruno,1831
26120,Thomas Mangani,1830
20841,Andrea Masiello,1828
86328,Germ\u00e1n Alejandro Pezzella,1825
4303,David L\u00f3pez Silva,1822
8200,Steven N'Kemboanza Mike Christopher N'Zonzi,1821
22107,M\u00e1rio Rui Silva Duarte,1810
25707,Eden Hazard,1806
25437,Blaise Matuidi,1806
3310,Marcelo Vieira da Silva J\u00fanior,1797
265865,Sergej Milinkovi\u0107-Savi\u0107,1791
116349,Mat\u00edas Vecino Falero,1783
213308,J\u00fanior Osmar Ignacio  Alonso Mujica,1780
3802,Philippe Coutinho Correia,1778
7899,Oriol Romeu Vidal,1778
14687,Sokratis Papastathopoulos,1773
20612,Shkodran Mustafi,1771
26135,Maxime Le Marchand,1769
3334,Daniel Alves da Silva,1768
40726,Allan Marques Loureiro,1751
265366,Onyinye Wilfred Ndidi,1743
14778,\u00d6mer Toprak,1743
366401,Andr\u00e9-Frank Zambo Anguissa,1738
14748,Antonio R\u00fcdiger,1736
8464,Fabian Delph,1733
8086,Dale Stephens,1727
3542,Manuel Trigueros Mu\u00f1oz,1720
21094,Danilo D'Ambrosio,1719
4424,Jonathan Castro Otto,1712
134502,Aymeric  Laporte,1711
25826,Benjamin Andr\u00e9,1702
26115,Salif San\u00e9,1691
246946,Ellyes Skhiri,1686
70959,Edgar Miguel I\u00e9,1685
3560,Ignacio Monreal Eraso,1681
8307,Vincent Kompany,1681
3827,Hugo Mallo Novegil,1681
25706,Idrissa Gana Gueye,1679
9380,John Stones,1677
285109,,1674
246866,Alfie Mawson,1673
134503,Cl\u00e9ment Lenglet,1664
3335,Marc Bartra Aregall,1660
257750,Thiago Maia Alencar,1659
4501,Daniel Carvajal Ramos,1659
4488,Sa\u00fal \u00d1\u00edguez Esclapez,1656
25829,Paul Lasne,1655
134383,Niklas S\u00fcle,1652
89559,Charles Mariano Ar\u00e1nguiz Sandoval,1652
370,Virgil van Dijk,1650
22270,Gianmarco Ferrari,1647
55979,Mathias Jattah-Njie J\u00f8rgensen,1646
25943,Christophe Kerbrat,1643
127537,Luka Milivojevi\u0107,1641
21564,Ivan Radovanovi\u0107,1637
28529,Youssouf Sabaly,1636
90268,Erick Antonio Pulgar Farf\u00e1n,1624
20550,\u015etefan Daniel Radu,1617
8336,Kyle Naughton,1616
3441,Gabriel Fern\u00e1ndez Arenas,1610
37732,Lucas Rodrigo Biglia,1606
3338,Sergi G\u00f3mez Sol\u00e0,1603
25558,Nicolas N'Koulou,1602
625,Marten de Roon,1600
3347,Sergi Roberto Carnicer,1596
26065,Jonas Martin,1595
3309,Rapha\u00ebl Varane,1592
14870,Jo\u00ebl Andre Job Matip,1591
70120,Francisco Javier  Garc\u00eda Fern\u00e1ndez,1587
7938,Luis Antonio Valencia Mosquera,1585
40539,Marcos  Ao\u00e1s Corr\u00eaa,1582
25714,Dimitri  Payet,1579
70389,C\u00e9dric Ricardo Alves Soares,1574
14812,Ivan Peri\u0161i\u0107,1574
294695,Tanguy Ndomb\u00e8l\u00e9 Alvaro,1571
14689,Ronaldo  Aparecido Rodrigues,1570
25770,Florian Thauvin,1568
5542,Daniel Garc\u00eda Carrillo,1560
50007,Berat  Djimsiti,1555
14718,M\u00e1rcio Rafael Ferreira de Souza,1553
77548,Joe Allen,1552
134102,,1551
36,Toby Alderweireld,1548
20749,Andrea Bertolacci,1543
14798,\u0141ukasz Piszczek,1542
41034,Rafael Tol\u00f3i,1542
8125,Jack Cork,1535
7887,Gary  Cahill,1530
356237,Giovani Lo Celso,1530
15051,Lars Stindl,1529
3803,Sergi Darder Moll,1528
14862,Julian Draxler,1525
130,Stefan de Vrij,1523
25623,Geoffrey Kondogbia,1522
20635,Francesco Acerbi,1521
21607,Fabrizio Cacciatore,1520
28232,Ibrahim Amadou,1519
11152,Moussa Sidi Yaya Demb\u00e9l\u00e9,1518
3788,Jordi Amat Maas,1517
18550,Emre Can,1516
3384,Jos\u00e9 Andr\u00e9s Guardado Hern\u00e1ndez,1516
3470,Jos\u00e9 \u00c1ngel G\u00f3mez Campa\u00f1a,1514
9285,Charlie Daniels,1511
397046,Houssem Aouar,1508
7885,Ryan Bertrand,1506
20404,Bryan Cristante,1506
214062,Alejandro Granell Nogu\u00e9,1505
56441,Lukas Lerager,1504
22162,Francesco Magnanelli,1503
277629,Pierre Lees Melou,1501
3484,Luis Alberto Romero Alconchel,1498
13484,Bamidele Alli,1495
22566,Alessandro  Florenzi,1494
70096,James David Rodr\u00edguez Rubio,1493
40810,Neymar da Silva Santos Junior,1490
15777,Daniel Baier,1490
25524,Papiss Mison Djilobodji,1487
14803,Sven Bender,1487
9279,Simon Francis,1486
8945,Kieran Trippier,1485
134427,Daniele Rugani,1483
38532,Ervin Zukanovi\u0107,1478
25647,Julien F\u00e9ret,1477
342743,Lucas Tousart,1474
135103,Andreas Christensen,1471
225996,Diego Javier Llorente R\u00edos,1471
20579,Medhi Amine El Mouttaqi Benatia,1471
236528,Nico Elvedi,1470
20866,Davide Astori,1465
7939,Ashley  Young,1463
4805,Anaitz Arbilla Zabala,1463
20448,Federico Viviani,1460
286223,Nicol\u00f2 Barella,1456
136441,Ben Davies,1454
25864,Lo\u00efc Perrin,1453
65075,Martin Hinteregger,1452
26196,Djibril Sidib\u00e9,1448
16843,Dominique Heintz,1445
9097,Lewis Dunk,1440
146588,Alessio Romagnoli,1438
14838,Christoph Kramer,1434
25999,R\u00e9my Cabella,1427
8319,James Milner,1426
7870,Aaron Ramsey,1424
3682,Antoine Griezmann,1423
20458,Andrea Barzagli,1422
77,Niklas Moisander,1421
14903,Tom\u00e1s Eduardo Rinc\u00f3n Hern\u00e1ndez,1418
254,Roberto Jos\u00e9 Rosales Altuve,1413
222220,Andrew Robertson,1412
99902,Piotr Zieli\u0144ski,1410
3529,Mario Gaspar P\u00e9rez Mart\u00ednez,1408
14808,\u0130lkay G\u00fcndo\u011fan,1405
341973,Nordi Mukiele Mulere,1403
228981,Benjamin Bourigeaud,1402
344068,Unai N\u00fa\u00f1ez Gestoso,1402
235597,Timo Baumgartl,1401
3361,Alexis Alejandro S\u00e1nchez S\u00e1nchez,1399
228768,,1395
3313,Jos\u00e9 Mar\u00eda Callej\u00f3n Bueno,1393
15719,Benjamin H\u00fcbner,1392
37739,Dennis Praet,1392
26652,Daniel Wass,1392
3695,\u00c1lvaro Gonz\u00e1lez Sober\u00f3n,1391
3345,Thiago Alc\u00e2ntara do Nascimento,1389
70084,Alex Sandro Lobo Silva,1387
4013,Rub\u00e9n Salvador P\u00e9rez Del M\u00e1rmol,1386
114,Kevin Strootman,1386
3325,Juan Francisco Moreno Fuertes,1382
26311,Romain Amalfitano,1380
4379,Jonathan Viera Ramos,1380
3433,Diego Roberto God\u00edn Leal,1379
25439,Thiago Motta,1378
352988,Dayotchanculle Upamecano,1377
20850,Luca Cigarini,1376
26633,Arnaud Souquet,1373
25492,Thomas Monconduit,1373
228963,Hamari Traor\u00e9,1372
20879,Radja Nainggolan,1371
3671,\u00cd\u00f1igo Mart\u00ednez Berridi,1371
5472,Luis Hern\u00e1ndez Rodr\u00edguez,1366
11095,Milos Veljkovic,1364
217031,Thomas Teye Partey,1364
8976,Tom Carroll,1361
20845,Giacomo Bonaventura,1361
8897,Jonathan Hogg,1358
15215,Christopher Schindler,1357
241676,Roberto Gagliardini,1352
242446,L\u00e9o Dubois,1351
280115,Maxime Lopez,1351
26498,Kenny Lala,1350
209091,Corentin Tolisso,1350
3277,V\u00edctor Ru\u00edz Torre,1346
49872,Xherdan Shaqiri,1345
466,Davy Pr\u00f6pper,1345
14917,Robin Knoche,1344
20556,Antonio Candreva,1342
8242,Shane Duffy,1341
15775,Paul Verhaegh,1339
50102,Fabian Lukas Sch\u00e4r,1338
20438,Daniele De Rossi,1334
703,Maya Yoshida,1330
55990,Thomas Delaney,1330
40550,Jos\u00e9 Paulo Bezzera Maciel J\u00fanior,1329
3308,Pedro Filipe Teod\u00f3sio Mendes,1328
4892,Jos\u00e9 Luis Gay\u00e1 Pe\u00f1a,1328
94695,Hiroki Sakai,1327
25995,Benjamin Stambouli,1327
266286,Marlon Santos da Silva Barbosa,1326
290119,Moussa Niakhat\u00e9,1324
28990,Dimitri Li\u00e9nard,1323
70088,Rolando Jorge Pires da Fonseca,1323
20583,Danilo Larangeira,1323
7944,Wayne Rooney,1322
14929,Makoto Hasebe,1321
393284,Charles Traor\u00e9,1318
11066,Raheem Shaquille Sterling,1318
11063,Jes\u00fas Joaqu\u00edn Fern\u00e1ndez S\u00e1ez de la Torre,1318
92966,Konstantinos Manolas,1317
40614,Guilherme dos Santos Torres,1314
263766,Jemerson de Jesus Nascimento,1313
217874,Abdoulaye Tour\u00e9,1310
25861,Josuha Guilavogui,1310
141172,,1309
18669,Jonas Hector,1309
21350,Marco Parolo,1306
278289,\u00c1lvaro Odriozola Arzallus,1302
257899,Joe Gomez,1301
26399,Damien Da Silva,1300
7922,Chris Smalling,1299
260002,Valentin Rongier,1299
8032,Marcos  Alonso Mendoza,1299
135903,Jo\u00e3o Pedro Cavaco Cancelo,1293
300485,Malcom Filipe Silva de Oliveira,1292
3534,Jaume Vicent Costa Jord\u00e1,1292
20927,Lorenzo De Silvestri,1292
41056,Thiago Henrique Mendes Ribeiro,1291
7988,Yohan Cabaye,1289
399676,Pablo Fornals Malla,1289
20935,R\u00f4mulo  Souza Orestes Caldeira,1288
41363,Gabriel Armando de Abreu,1288
8309,Karim Rekik,1286
3318,Sami Khedira,1285
99833,Bartosz Bereszy\u0144ski,1284
232822,Adam Masina,1283
8582,Aaron Cresswell,1282
21507,Daniele Baselli,1279
3270,Antonio Barrag\u00e1n Fern\u00e1ndez,1279
119951,Ahmed Hegazy,1278
268776,Wesley Hoedt,1278
276979,Ferland Mendy,1277
37824,Thomas Meunier,1276
28122,Yassine Benzia,1269
215036,C\u00e9dric Yamber\u00e9,1268
302799,Rolando Mandragora,1265
28230,Adrien  Tameze,1258
9277,Steve Cook,1256
21528,Federico Ceccherini,1255
4278,Borja Garc\u00eda Freire,1253
25649,Yann M'Vila,1249
49856,David \u00c1ngel Abraham,1249
256478,Danilo Cataldi,1247
14852,Sergio Escudero Palomo,1247
4272,Joaqu\u00edn Navarro Jim\u00e9nez,1245
8561,Mark Noble,1244
20465,Stephan Lichtsteiner,1244
4360,Juan Pedro Ram\u00edrez L\u00f3pez,1244
116,Georginio Wijnaldum,1243
14989,Daniel Caligiuri,1241
7967,Jonjo Shelvey,1240
28314,Christopher H\u00e9relle,1239
301013,J\u00e9r\u00e9my Gelin,1237
26265,Vincent Manceau,1237
14938,Maximilian Arnold,1237
56026,Jens Stryger Larsen,1236
366581,,1235
15125,Marvin Plattenhardt,1235
15069,Willi Orban,1234
3916,Gustavo Daniel Cabral C\u00e1ceres,1234
209028,Adrien Thomasson,1232
8192,Martin Olsson,1231
229427,Alexander Djiku,1230
14869,Sead Kola\u0161inac,1229
25537,Grzegorz Krychowiak,1228
22380,Marco Benassi,1228
7918,Phil Jones,1219
26021,Simon Falette,1219
89186,Paulo Bruno Exequiel Dybala,1217
248950,Samir Caetano de Souza Santos,1215
25786,Daniel Congr\u00e9,1214
20928,Felipe Dias da Silva dal Belo,1212
235606,Thilo Kehrer,1211
20529,Andrea Poli,1208
25622,Thorgan Hazard,1205
21291,Valter Birsa,1204
70451,Luis Carlos Correia Pinto,1202
50805,Filip Helander,1201
14724,David Olatukunbo Alaba,1199
394,Bram Nuytinck,1197
3840,Iago Aspas Juncal,1197
21842,Cristiano Biraghi,1196
51004,Celso Borges Mora,1196
54380,Ole Kristian Seln\u00e6s,1195
26150,Riyad Mahrez,1194
20561,Senad Luli\u0107,1192
21164,Federico Fern\u00e1ndez,1191
302518,Lewis Cook,1185
21077,Alejandro Dar\u00edo G\u00f3mez,1185
8148,Iago Falqu\u00e9 Silva,1182
20941,Adem Ljaji\u0107,1181
14732,Thomas M\u00fcller,1178
3571,Joaqu\u00edn S\u00e1nchez Rodr\u00edguez,1178
289711,Naby Deco Ke\u00efta,1177
51217,Hans Carl Ludwig Augustinsson,1177
86828,Guido Hern\u00e1n Pizarro,1177
3828,Ra\u00fal Rodr\u00edguez Navas,1177
25715,Ronny Rodelin,1176
286380,Issa Diop,1172
14754,Christian Gentner,1172
224677,Julian Weigl,1172
41174,Manuel Lanzini,1171
15430,Nicolas H\u00f6fler,1168
383,Du\u0161an Tadi\u0107,1166
334720,Ramy Bensebaini,1166
15524,Hakan \u00c7alhano\u011flu,1166
8313,Pablo Javier Zabaleta Girod,1163
26384,Ga\u00ebl Kakuta,1163
16303,Danny Latza,1163
3304,Jos\u00e9 Ignacio Fern\u00e1ndez Iglesias,1161
16025,Max Kruse,1159
146583,Julian Brandt,1157
7972,Luis Alberto Su\u00e1rez D\u00edaz,1157
70965,Jo\u00e3o M\u00e1rio Naval da Costa Eduardo,1154
15526,Pascal Gro\u00df,1154
29474,Romain Thomas,1153
16110,Kevin Kampl,1150
70083,Danilo Luiz da Silva,1149
263432,Francesco Vicari,1148
7906,Juan Manuel Mata Garc\u00eda,1147
14749,Gotoku Sakai,1146
8833,Jamal Lascelles,1144
25942,Gilbert Gianelli Imbula Wanga,1144
230020,Alex Iwobi,1144
61988,Steven Davis,1142
216074,Christian G\u00fcnter,1141
74,Ragnar Klavan,1140
274344,Baptiste Santamaria,1140
288091,Marco Asensio Willemsen,1140
3680,David Zurutuza Veillet,1138
20518,Juan Guilherme Nunes Jesus,1137
269060,Pedro Pablo Hern\u00e1ndez,1137
280419,Hans Hateboer,1136
3797,V\u00edctor S\u00e1nchez Mata,1136
272434,Waldemar Anton,1135
255387,Carlos Joel Salcedo Hern\u00e1ndez,1132
28922,Thomas Lemar,1129
3692,Bernardo Jos\u00e9 Espinosa Z\u00fa\u00f1iga,1127
279545,Lucas  Hern\u00e1ndez Pi,1127
25957,Abdul Khaled Akiola Ad\u00e9non,1125
40657,Wendell Nascimento Borges,1123
21639,Luca Ceppitelli,1123
247207,Joan Jord\u00e1n Moreno,1122
144884,Christopher Jullien,1120
7934,Jesse Lingard,1120
15808,Roberto Firmino Barbosa de Oliveira,1119
28335,Ruben Aguilar,1118
120717,Oussama Haddadi,1118
413737,Santiago Lionel Ascac\u00edbar,1118
122,Dries Mertens,1118
28115,Nabil Fekir,1117
20475,Arturo Erasmo Vidal Pardo,1117
3974,Dami\u00e1n Nicol\u00e1s Su\u00e1rez Su\u00e1rez,1117
3416,Javier Mart\u00ednez Aginaga,1116
20932,Matija Nastasi\u0107,1116
15256,Pirmin Schwegler,1115
265172,Anton\u00edn Bar\u00e1k,1113
22163,Simone Missiroli,1113
228980,,1112
14943,Mario Mand\u017euki\u0107,1112
289359,Youssef A\u00eft Bennasser,1111
159,Jeffrey Gouweleeuw,1111
393214,Valentin Rosier,1110
22695,Benito Nicolas Viola,1110
7919,Michael Keane,1108
8351,Andrew Surman,1107
116269,Diego Sebasti\u00e1n Laxalt Su\u00e1rez,1106
20588,Kwadwo Asamoah,1106
26314,Lucas Deaux,1105
3282,Sergio Canales Madrazo,1105
255738,Jefferson Andr\u00e9s Lerma Sol\u00eds,1103
3414,Ander Iturraspe Derteano,1099
86220,Gabriel Iv\u00e1n Mercado,1089
26086,,1087
118,Memphis Depay,1087
5400,Gerard Moreno Balaguero,1086
20436,Jos\u00e9 \u00c1ngel Vald\u00e9s D\u00edaz,1086
8143,Morgan Schneiderlin,1085
20911,Pasquale Schiattarella,1084
26365,Baptiste Reynet,1083
214628,Jordan Amavi,1082
14905,Per Ciljan Skjelbred,1082
14857,Kyriakos Papadopoulos,1080
279734,Vincent Koziello,1079
28908,Fr\u00e9d\u00e9ric Guilbert,1078
82518,Vladim\u00edr Darida,1078
20707,Sebastien De Maio,1078
82340,Theodor Gebre Selassie,1075
226200,Manuel Lazzari,1075
135114,Pierre-Emile H\u00f8jbjerg,1073
15188,Julian Baumgartlinger,1073
14801,Neven Suboti\u0107,1072
49855,Yann Sommer,1072
25883,J\u00e9r\u00e9my Sorbon,1071
3314,\u00c1ngel Fabi\u00e1n di Mar\u00eda Hern\u00e1ndez,1071
344864,Caglar S\u00f6y\u00fcnc\u00fc,1070
8285,Jake Livermore,1069
20653,Perparim Hetemaj,1069
3970,Alejandro G\u00e1lvez Jimena,1068
14863,Marco H\u00f6ger,1067
3434,Filipe Luis Kasmirski,1066
28291,,1065
25743,Bouna Sarr,1065
21100,Angelo Obinze Ogbonna,1065
14800,Marcel Schmelzer,1065
14979,Oliver Baumann,1064
15014,Oscar Wendt,1062
25643,K\u00e9vin Th\u00e9ophile Catherine,1061
4094,Ander Capa Rodr\u00edguez,1061
235450,Abdou Diallo,1060
86366,Jos\u00e9 Luis Palomino,1060
241945,Pione Sisto Ifolo Emirmija,1059
143566,Douglas dos Santos Justino de Melo,1056
29588,Ernest Seka,1054
3320,Nuri \u015eahin,1053
20748,Nenad Tomovi\u0107,1053
21123,Simone Verdi,1053
9433,James  Tarkowski,1051
3429,Thibaut Courtois,1051
214710,Bakaye Dibassy,1050
7929,Tom Cleverley,1048
7914,Jonny Evans,1047
8944,Ben Mee,1044
105333,Willian Borges da Silva,1044
86183,Facundo Sebasti\u00e1n Roncaglia,1040
20429,Nicol\u00e1s Andr\u00e9s Burdisso,1040
245364,Leroy San\u00e9,1039
8623,James McArthur,1038
26134,,1037
344178,Panagiotis Retsos,1037
346101,Trent Alexander-Arnold,1036
173212,Niklas Stark,1036
125286,Giancarlo Gonz\u00e1lez Castro,1034
70112,Ezequiel Marcelo Garay,1034
393228,Malang Sarr,1030
276944,,1030
8433,Stephen Ward,1029
40301,Lucas Pedro Alves De Lima,1028
134369,Max  Meyer,1028
20816,\u00c9dgar Osvaldo Barreto C\u00e1ceres,1028
15811,Sebastian Rudy,1027
14715,Holger Badstuber,1025
43051,Gabriel Appelt Pires,1025
221411,Philipp Max,1024
3413,Ander Herrera Ag\u00fcera,1023
20472,Simone Padoin,1023
14806,Mario G\u00f6tze,1022
244357,Bongani Zungu,1020
20820,Josip Ili\u010di\u0107,1020
425925,Kai Havertz,1019
107,Erik Pieters,1018
14853,Christian Fuchs,1017
25993,Vitorino Hilton da Silva,1017
3523,Florian Lejeune,1017
265673,Bernardo Mota Veiga de Carvalho e Silva,1017
105361,Ivan Strini\u0107,1017
292991,Mauricio Lemos Merladet,1016
252365,DeAndre Yedlin,1014
21279,Emiliano Moretti,1013
7853,Kieran  Gibbs,1012
28528,Jordan Ikoko,1007
241966,Gideon Jung,1007
142755,Bertrand Isidore Traor\u00e9,1004
354547,Jakub Jankto,1004
20402,Kevin-Prince Boateng,1002
9227,Matt Ritchie,1001
3573,J\u00e9r\u00e9my Toulalan,1001
7932,Darren  Fletcher,1000
25392,Bakary Kon\u00e9,999
24838,Gaetano Letizia,998
25990,Mathieu Deplagne,997
25381,Hugo Lloris,997
4361,Javi Castellano Betancor,997
22732,Fabio Pisacane,997
7989,Dan Gosling,996
25410,Alassane Pl\u00e9a,996
138174,Karol Linetty,995
360992,Denis Lemi Zakaria Lako Lado,994
230895,Pere Pons Riera,994
214220,Alisson Rams\u00e9s Becker,994
25854,Kurt Happy Zouma,993
15399,Daniel Brosinski,992
144867,K\u00e9vin Malcuit,991
25440,Javier Mat\u00edas Pastore,989
25747,Sadio Man\u00e9,988
3705,Adri\u00e1n  Gonz\u00e1lez Morales,987
70092,Steven Defour,986
25804,Moussa Sissoko,985
8311,Stefan Savi\u0107,984
14911,Heung-Min Son,982
15487,Janik Haberer,982
3572,Francisco Portillo Soler,981
135561,Florian Grillitsch,980
20433,Simon Thorup Kj\u00e6r,980
29640,Mario Lemina,979
3322,Cristiano Ronaldo dos Santos Aveiro,978
20495,Massimo Gobbi,978
250805,Djen\u00e9 Dakonam Ortega,978
282438,Aar\u00f3n Mart\u00edn Caricol,977
22185,Bruno Martella,977
4015,Pablo Sarabia Garc\u00eda,977
14775,Bastian Oczipka,976
3339,Mart\u00edn Montoya Torralbo,976
14990,Fallou Diagne,975
20815,Andrea Barberis,975
3278,Bruno Saltor Grau,974
8471,Andros Townsend,972
22093,Antonio Aldo Caracciolo,972
20776,Luca Rossettini,972
7920,Rafael Pereira da Silva,971
134392,Kevin Akpoguma,970
14885,Dennis Aogo,970
14836,Takashi Inui,969
8013,Marc Albrighton,967
25950,Anthony Knockaert,966
10131,Jordan Pickford,965
86301,Lucas  Nahuel Castro,965
91702,Johan Andr\u00e9s Mojica Palacio,964
222770,N\u00e9lson Cabral Semedo,963
288663,Mattia Caldara,962
105334,Douglas  Costa de Souza,961
20401,Alberto Aquilani,961
77546,Ashley Williams,958
71703,Victor Nilsson Lindel\u00f6f,958
120353,Mohamed  Salah Ghaly,957
247671,,956
352986,,956
286917,Fod\u00e9  Ballo Tour\u00e9,955
8889,Adrian Mariappa,954
209086,Morgan Sanson,954
4452,Yuri Berchiche Izeta,954
25411,Jimmy Briand,954
21655,Adrian Marius Stoian,954
413582,,952
25800,\u00c9tienne Didot,950
208694,Rodrigo Ely,950
284960,Lorenzo Venuti,948
328336,Mohamed Salim Fares,946
20418,Stephan El Shaarawy,944
7585,Manuel Alejandro Garc\u00eda S\u00e1nchez,944
25937,Fran\u00e7ois Bellugou,943
278288,Aritz Elustondo Irribaria,942
20938,Valon Behrami,942
8245,Phil Jagielka,941
120339,Mohamed Naser Elsayed Elneny,941
21288,Miguel Lu\u00eds Pinto Veloso,938
7858,Bacary Sagna,938
3409,Mikel San Jos\u00e9 Dom\u00ednguez,937
105338,Henrikh Mkhitaryan,933
14706,Aaron Hunt,931
3678,Xabier Prieto Argarate,931
15008,Marc-Andr\u00e9 ter Stegen,931
29291,Jimmy Giraudon,930
14692,Philipp Bargfrede,930
93,Johann  Berg Gu\u00f0munds\u00adson,929
237034,Gon\u00e7alo Manuel Ganchinho Guedes,929
65027,Stefan Ilsanker,929
340920,Ludovic Blas,928
275384,Jorge Mer\u00e9 P\u00e9rez,928
69409,\u0160ime Vrsaljko,927
3496,Sergio Postigo Redondo,926
3650,Tom\u00e1s Pina Isla,922
3526,Mateo Pablo Musacchio,921
20689,Gast\u00f3n Exequiel Ram\u00edrez Pereyra,919
92899,Jos\u00e9 Holebas,918
37725,Cheikhou Kouyat\u00e9,917
49968,Roman B\u00fcrki,917
4238,M\u00edchel Macedo Rocha Machado,917
8460,Adam Smith,916
336829,Robin Koch,916
230862,\u00cd\u00f1igo Lekue Mart\u00ednez,916
15772,Matthias Ostrzolek,914
258252,Lukas Klostermann,910
372752,Carlos Soler Barrag\u00e1n,910
29616,Pablo Martinez,909
272440,Maximilian Eggestein,909
69404,Mateo Kova\u010di\u0107,909
328333,Lorenzo Pellegrini,909
21370,Marco Capuano,907
19525,Alexander Schwolow,906
447804,Federico Chiesa,906
4498,Lucas V\u00e1zquez Iglesias,906
279533,Mario Hermoso Canseco,906
20751,Juan Guillermo Cuadrado Bello,905
134540,Layvin Kurzawa,904
8136,Jack Stephens,904
213948,Rodrigo Javier de Paul,904
395114,Igor Zubeld\u00eda Elorza,904
4786,Iv\u00e1n Balliu Campeny,903
8625,Victor Moses,902
149019,Danny Simpson,902
15795,Koen Casteels,902
8488,Wes Morgan,899
3568,Jos\u00e9 Luis Garc\u00eda del Pozo,899
69411,Andrej Kramari\u0107,898
85113,Alin Dorinel To\u0219ca,898
454,Patrick  van Aanholt,897
16432,Caiuby Francisco da Silva,897
8980,Jeff Hendrick,896
134508,Seko Fofana,895
165425,Dominik Kohr,894
55951,Luk\u00e1\u0161 Hr\u00e1deck\u00fd,894
77558,Gylfi \u00de\u00f3r Sigur\u00f0sson,893
26000,Bryan Dabo,892
4332,Javier Fuego Mart\u00ednez,892
15276,Mitchell Weiser,890
14768,Bernd Leno,889
295761,Samuel Grandsir,887
169002,Diego Rico Salguero,887
25846,Yoann Andreu,885
206318,Davide Biraschi,885
70507,Paulo Andr\u00e9 Rodrigues de Oliveira,883
263802,Youri Tielemans,881
68085,Christian Kabasele,881
208696,Matteo Politano,881
3296,Antonio Ad\u00e1n Garrido,881
297957,Manuel Akanji,879
93000,Vitorino Gabriel  Pacheco Antunes,879
228928,Adam Maru\u0161i\u0107,879
209209,Flavien Tait,878
350976,Ben Chilwell,878
4911,Jozabed S\u00e1nchez Ruiz,877
257028,Davide Calabria,877
25470,Sanjin Prci\u0107,875
8360,Craig Dawson,875
295569,Ot\u00e1vio Henrique Passos Santos,874
30427,Jordan Mari\u00e9,873
50073,Artur Ioni\u0163\u0103,872
8314,Gareth Barry,871
20842,Federico Peluso,870
21620,Jasmin Kurti\u010d,869
61962,Sung-Yeung Ki,868
7873,Jack Wilshere,868
337682,Ohis Felix Uduokhai,867
227894,Jos\u00e9 Mar\u00eda Gim\u00e9nez de Vargas,866
220359,Paolo Pancrazio Farag\u00f2,865
20680,Frederik Hillesborg S\u00f8rensen,863
70129,Rodrigo Moreno Machado,863
8554,James Tomkins,862
15032,Ron-Robert Zieler,861
26518,Carlos Alberto S\u00e1nchez Moreno,861
25888,Fay\u00e7al Fajr,861
270866,Diego Carlos Santos Silva,860
355599,Mikel Oyarzabal Ugarte,859
3407,Jon\u00e1s  Ramalho Chimeno,859
134174,Samuel  Castillejo Azuaga,858
8278,Gareth Frank Bale,858
26638,Karl Toko Ekambi,857
20723,Bartosz Salamon,857
26512,Mathieu Dossevi,855
263433,Alex Ferrari,855
8370,Chris Brunt,854
15178,Stefan Bell,853
208865,Bartolomeu Jacinto Quissanga,851
21280,Mario Sampirisi,850
56038,Jonas L\u00f6ssl,849
26389,Younousse Sankhar\u00e9,849
21298,Nicolas David Andrade,847
86212,Ger\u00f3nimo Rulli,846
69525,Mateo Pavlovi\u0107,845
71654,Ederson Santana de Moraes,845
82487,Pavel Kade\u0159\u00e1bek,845
134387,Leon  Goretzka,845
65596,Marcel Sabitzer,845
26956,Nicolas Benezet,843
6281,Joseba Zald\u00faa Bengoetxea,843
16884,Julian Korb,841
8643,Matthew Lowton,840
20460,Jos\u00e9 Mart\u00edn C\u00e1ceres Silva,839
25421,Salvatore Sirigu,839
25798,Etienne Capoue,838
284,Mike van der Hoorn,837
15129,Daniel Didavi,837
14816,Shinji Kagawa,837
3451,Adri\u00e1n L\u00f3pez \u00c1lvarez,837
410062,Jules Kound\u00e9,836
16826,Rani Khedira,836
22381,Daniel Bessa,835
388267,Leon Bailey Butler,834
4363,Jos\u00e9 Vicente G\u00f3mez Umpi\u00e9rrez,834
86486,Ger\u00f3nimo Gast\u00f3n Poblete,833
4371,Dani Castellano Betancor,833
254408,\u00c1ngel Mart\u00edn Correa,832
1712,Kenny Tete,830
7949,Jos\u00e9 Manuel  Reina P\u00e1ez,830
350999,Gianluigi Donnarumma,830
7847,\u0141ukasz Fabia\u0144ski,829
3321,Karim Benzema,829
276211,Allan Saint-Maximin,828
272378,Pascal Stenzel,828
56009,Riza Durmisi,828
22377,Ibrahima M'baye,828
364644,Assane Diouss\u00e9 El Hadji,827
356903,Salih \u00d6zcan,827
3928,Vicente Iborra De La Fuente,826
99661,Thiago Rangel Cionek,826
7860,Thomas Vermaelen,825
340,Rhu-endly Martina,824
263105,Pablo Maffeo Becerra,824
21550,Gabriel Mois\u00e9s Antunes da Silva,820
20636,Marco Andreolli,820
14745,Cristian Molinaro,820
353833,Kylian Mbapp\u00e9 Lottin,819
3667,Alberto De La Bella Madure\u00f1o,819
7868,Alex Oxlade-Chamberlain,818
26332,Paul Baysse,818
235555,Ruben Loftus-Cheek,818
22313,Vincent Laurini,818
70981,Fernando Mar\u00e7al de Oliveira,817
20823,Franco Dami\u00e1n V\u00e1zquez,817
40770,Willian Jos\u00e9 da Silva,816
283832,Filippo Romagna,816
15798,Andreas Beck,815
15103,Fabian Lustenberger,815
14781,Lars Bender,812
209400,Domenico Berardi,812
25523,,811
28866,Karim Azamoum,810
391530,Christian Pulisic,807
424241,Nikola Milenkovi\u0107,807
28907,Rapha\u00ebl Adelino Jos\u00e9 Guerreiro,805
343685,William de Asevedo Furtado,803
30320,Oualid El Hajjam,801
263803,Timothy Castagne,801
8116,Nathan Redmond,800
11078,Tom Smith,800
225089,Jos\u00e9 Luis Morales Nogales,800
3420,Markel Susaeta Laskurain,799
3795,H\u00e9ctor Alfredo Moreno Herrera,796
3645,Gonzalo Castro Iriz\u00e1bal,796
15191,Yunus Mall\u0131,795
224680,Marius Wolf,794
62224,Ryan Fraser,793
26100,Na\u00efm Sliti,793
20395,Mattia De Sciglio,793
15253,Matthias Lehmann,790
99410,Marcin Kami\u0144ski,789
70975,Armindo Tu\u00e9 Na Bangna,789
3351,Francisco Femen\u00eda Far,788
26495,Ga\u00ebtan Bong Songo,785
160,Daryl Janmaat,784
263614,Nadiem Amiri,784
25571,Jordan Ayew,783
22883,Armando Izzo,783
22099,Marcel B\u00fcchel,783
25461,Ryad Boudebouz,782
20876,Albin Ekdal,781
18982,Nico Schulz,781
21469,Giulio Donati,781
5281,Allan-Romeo Nyom,778
135901,Pedro Miguel Braga Rebocho,778
15781,Ja-Cheol Koo,778
49997,Steven Zuber,778
8620,Mohamed Diam\u00e9,777
375001,,776
300784,Jorge Marco de Oliveira Moraes,775
367621,Dennis Geiger,775
86319,Leandro Chichizola,773
190167,Leonardo Spinazzola,773
15449,M\u00ebrgim Mavraj,772
70156,Andr\u00e9 Mart\u00edn Carrillo D\u00edaz,771
25849,Faouzi Ghoulam,770
166534,Thomas Strakosha,770
14726,Franck Bilal Rib\u00e9ry,769
3605,Jorge Molina Vidal,769
3791,Zouhair Feddal,769
25605,Emiliano Sala,768
70139,Emiliano Adri\u00e1n Ins\u00faa Zapata,768
4908,Alberto Moreno P\u00e9rez,767
15020,Mathew Leckie,766
6370,Javier Eraso Go\u00f1i,765
9611,P\u00e9ter Gul\u00e1csi,764
15107,Raffael Caetano de Ara\u00fajo,764
26276,Nicolas Pallois,763
3423,Ibai G\u00f3mez P\u00e9rez,763
377071,Richarlison de Andrade,762
7905,Romelu Lukaku Menama,762
14817,Robert Lewandowski,762
10252,Sam Clucas,761
112377,Oswaldo Augusto Vizcarrondo Ara\u00fajo,761
3474,Jes\u00fas Navas Gonz\u00e1lez,761
32652,Emre \u00c7olak,760
25785,,759
228983,Wylan Cyprien,758
7882,Petr \u010cech,758
3355,Javier Alejandro Mascherano,758
339789,Mikel Merino Zaz\u00f3n,756
7910,David de Gea Quintana,756
21384,Ciro Immobile,756
372915,Amine Harit,755
14770,Gonzalo Castro Randon,755
3475,Diego Perotti,753
8717,Harry Kane,751
50069,Silvan Widmer,751
32577,Sidnei Rechel da Silva J\u00fanior,751
19720,Manuel Gulde,748
105541,Lucas P\u00e9rez Mart\u00ednez,748
4969,Pedro Tanaus\u00fa Dom\u00ednguez Placeres,748
253822,Ji\u0159\u00ed Pavlenka,747
134435,Alberto Grassi,747
140046,Marko Dmitrovi\u0107,745
61390,Mathew Ryan,744
27646,Pierrick Capelle,743
54579,Rune  Almenning Jarstein,743
424624,Oghenekaro Etebo,742
14703,Marko Arnautovi\u0107,741
3503,Ra\u00fal Garc\u00eda Escudero,741
26138,Jonathan Rivierez,740
14727,Arjen Robben,740
14736,Sven Ulreich,740
134496,Mike Maignan,738
25860,,737
8480,Kasper Schmeichel,737
8239,Leighton Baines,737
8326,Mario  Barwuah Balotelli,737
15771,Sebastian Langkamp,736
20483,Antonio Mirante,736
134513,Anthony Martial,733
135913,Marcos Paulo Mesquita Lopes,730
8004,Ciaran Clark,728
25430,Mamadou Sakho,728
225948,Rub\u00e9n Pe\u00f1a Jim\u00e9nez,728
25596,Jaroslav Pla\u0161il,727
7302,Ra\u00fal Albentosa Redal,727
25405,Maxime Gonalons,727
361807,Rodrigo Bentancur Colm\u00e1n,726
258263,Vuka\u0161in Jovanovi\u0107,725
70403,Adrien Sebastian Perruchet Silva,724
149389,Jeremy Toljan,724
16010,Philipp Tschauner,724
32959,Peter Pekar\u00edk,724
253333,Alexis Blin,723
11156,Marcello Trotta,723
8144,James  Ward-Prowse,722
101742,Cristian Daniel Ansaldi,722
20571,Samir Handanovi\u010d,721
21468,Mattia Perin,721
20620,Pedro  Mba Obiang Avomo,718
8327,Edin D\u017eeko,718
3344,Rafael Alc\u00e2ntara do Nascimento,717
3464,Antonio Manuel Luna Rodr\u00edguez,716
4065,Jeison Fabi\u00e1n Murillo Cer\u00f3n,716
295176,Robin Gosens,716
211853,R\u00faben Miguel Nunes Vezo,715
3323,Gonzalo Gerardo Higua\u00edn,714
20516,Marco Davide Faraoni,713
135747,Danijel Suba\u0161i\u0107,712
25716,Nolan Roux,712
134542,Nampalys Mendy,710
404213,Alban Lafont,710
25457,J\u00e9r\u00f4me Roussillon,710
6210,Francesc Aday Ben\u00edtez Caraballo,710
56025,Michael Krohn-Dehli,710
241564,Oleksandr Zinchenko,709
26016,Benjamin Lecomte,708
14914,Marwin Hitz,708
209012,K\u00e9vin Manuel Rodrigues,706
25632,Beno\u00eet Costil,705
70125,Manuel Agudo Dur\u00e1n,704
3397,Kepa Arrizabalaga Revuelta,704
20449,Fabio Borini,704
26373,Samuel Souprayen,704
374013,Amadou Diawara,702
3337,Andreu Font\u00e0s Prat,702
86517,Pablo Ezequiel De Blasis,701
25504,,700
9080,Adel Taarabt,700
27958,Th\u00e9o Pellenard,696
26499,Arthur Masuaku,695
3421,\u00d3scar de Marcos Arana,695
25427,Christophe Jallet,694
25923,Nicolas de Roussel de Pr\u00e9ville,692
296341,Bernardo Fernandes da Silva Junior,692
65180,Michael Gregoritsch,690
9739,Jordon  Ibe,689
25845,St\u00e9phane Ruffier,687
93003,Dimitrios Siovas,687
8291,Sandro  Ranieri Guimar\u00e3es Cordeiro,687
354123,Pol Mikel Lirola Kosok,686
26945,Maxime Poundj\u00e9,685
8126,Jos\u00e9 Miguel da Rocha Fonte,685
7857,Ignasi Miquel i Pons,685
4511,Pedro Mosquera Parada,685
230883,Ayoze P\u00e9rez Guti\u00e9rrez,684
51132,Emil Forsberg,683
25532,Vincent Bessat,682
3595,Be\u00f1at Etxebarria Urkiaga,682
22383,Joseph Alfred Duncan,682
3577,Jos\u00e9 Salom\u00f3n Rond\u00f3n Gim\u00e9nez,681
8094,Jack Butland,680
15231,Kevin Volland,680
50771,Karl-Johan Johnsson,679
8221,Joel Ward,679
26528,Romain Genevois,679
225022,Rub\u00e9n Duarte S\u00e1nchez,679
14696,Zlatko Junuzovi\u0107,677
20593,Roberto Maximiliano Pereyra,673
25776,Wahbi Khazri,672
376362,Luiz Felipe Ramos Marchi,672
250134,Luiz de Ara\u00fajo Guimar\u00e3es Neto,671
83574,Anton Ciprian T\u0103t\u0103ru\u0219anu,670
127796,Filip Kosti\u0107,670
4365,Roque Mesa Quevedo,669
20943,Riccardo Montolivo,669
272363,Mahmoud Dahoud,668
3358,Cristian Tello Herrera,668
8325,Sergio Leonel Ag\u00fcero del Castillo,667
247141,I\u00f1aki Williams Arthuer,667
146590,Federico Mattiello,665
353236,Tom Davies,664
83575,Vlad Iulian Chiriche\u0219,664
410055,Roberto Su\u00e1rez Pier,663
7623,Leonardo Carrilho Baptist\u00e3o,663
25641,Abdou Kader Mangane,662
25382,Anthony Lopes,660
3360,Pedro Eliezer Rodr\u00edguez Ledesma,659
25625,Ludovic Baal,658
3447,Juan Francisco Torres Bel\u00e9n,658
3642,Iv\u00e1n Ramis Barrios,658
22323,Ledian Memushaj,657
20609,Andrea Costa,657
14988,Oliver Sorg,656
213124,Jos\u00e9 Manuel Rodr\u00edguez Benito,656
23427,Marco Ezio Fossati,655
21169,Blerim D\u017eemaili,654
20470,Claudio Marchisio,654
247248,Solly March,652
286915,Felix Eboa Eboa,652
8553,Winston  Reid,652
173214,Timo Werner,652
25891,Benjamin Nivet,651
25413,Alexandre Lacazette,650
397178,Marcus Rashford,649
9419,Tom Ince,649
335763,Salomon Junior Sambia,648
23705,Marco Sportiello,648
20540,Albano Benjam\u00edn Bizzarri,648
8501,Jeffrey  Schlupp,647
49919,Jacques Fran\u00e7ois Moubandje,647
173,Rajiv van La Parra,647
149091,Marcel Tisserand,647
9637,Joshua King,645
3531,Cristian Eduardo Zapata Valencia,644
340386,Gabriel Fernando de Jesus,643
15265,Timo Horn,643
26583,R\u00e9gis Gurtner,641
273819,Miguel \u00c2ngelo da Silva Rocha,640
20929,Alessandro Gamberini,640
26285,Anthony Gon\u00e7alves,639
258253,Benjamin Henrichs,639
15317,Leonardo Bittencourt,639
14904,Jacopo Sala,639
30437,Florent Mollet,638
275243,Sa\u00eef-Eddine Khaoui,638
25407,Cl\u00e9ment Grenier,638
14688,Sebastian Pr\u00f6dl,638
228902,Jonathan Calleri,638
12242,Nick Pope,637
22933,Leonardo Pavoletti,636
3317,Esteban F\u00e9lix Granero Molina,636
94831,Y\u016bya \u014csako,635
14796,Chris L\u00f6we,633
93044,St\u00e9phane Darbion,633
489488,Mart\u00edn Aguirregabiria Padilla,633
21072,Nicol\u00e1s Federico Spolli,632
203113,Issiaga Sylla,631
8958,Jay Rodriguez,631
149053,R\u00e9mi Walter,630
365441,Rick van Drongelen,630
15139,Timothy Chandler,629
20390,Ignazio Abate,629
41127,Pablo Nascimento Castro,628
256992,,627
240070,Harry Winks,627
3963,Iv\u00e1n Cu\u00e9llar Sacrist\u00e1n,627
212644,Gonzalo Escalante,626
4375,V\u00edctor Mach\u00edn P\u00e9rez,626
15198,Jean-Eric Maxim Choupo-Moting,625
231139,Kingsley Coman,625
20869,Nicola Murru,625
44251,Bruno da Silva Peres,625
44510,Vitor Hugo Franchescoli de Souza,625
256706,Lebogang Phiri,624
37745,Jordan Zacharie Lukaku Menama Mokelenge,624
397168,Timothy Fosu-Mensah,623
65055,Florian Kainz,623
29748,Fouad Chafik,622
8726,Asmir Begovi\u0107,622
26042,K\u00e9vin Monnet-Paquet,622
20832,Andrea Consigli,622
20633,Stefano Sorrentino,622
229198,Harisson Manzala,621
404219,Micka\u00ebl Cuisance,621
25552,Steve Mandanda,620
221333,Kerem Demirbay,620
131184,Ali Adnan Kadhim Al Tameemi,620
334552,Fran\u00e7ois Kamano,619
215869,Mattia Bani,619
359847,Alfonso Pedraza Sag,619
208089,Iver Fossum,618
86309,Bruno Zuculini,618
26368,,617
282550,Florent Hadergjonaj,617
8731,Ryan Shawcross,616
25534,Issa Cissokho,616
393247,Ibrahima Konat\u00e9,616
295273,Godfred Donsah,616
15004,Ivan Santini,615
14998,Julian Schuster,615
105523,Danilo Fernando Avelar,614
3874,Enrique Garc\u00eda Mart\u00ednez,614
325781,James Edward Lea Siliki,613
8422,,613
425926,Arne Maier,611
282804,Konrad Laimer,611
247219,V\u00edctor Camarasa Ferrando,611
7904,,610
21376,Gianluca Caprari,610
327009,Walace Souza Silva,608
14705,Niclas F\u00fcllkrug,604
3466,Alexis Ruano Delgado,604
6365,Unai Bustinza Mart\u00ednez,604
3340,Marc Muniesa Mart\u00ednez,604
20677,Andrea Raggi,603
61967,Victor Wanyama,603
43515,Andrei Girotto,603
280383,Enis Bardhi,603
21296,Rodrigo Sebasti\u00e1n Palacio,603
21494,Alex Cordaz,601
25745,Andy Delort,600
8498,Andy King,599
3450,Radamel Falcao Garc\u00eda Z\u00e1rate,599
112366,Miguel Arturo Lay\u00fan Prado,598
86338,Lucas Ariel Ocampos,597
262,Leroy Fer,597
15456,Felix Klaus,596
221172,Alexander Hack,596
256084,Chang-Hoon Kwon,594
8292,Danny Rose,594
14887,Jeffrey  Bruma,594
286448,Mauro Wilney Arambarri Rosa,594
136011,Mijat Ga\u0107inovi\u0107,593
278278,Munir El Haddadi Mohamed,593
8925,Ashley Westwood,592
8358,Ben Foster,592
20434,Aleandro Rosi,592
21004,Vasco Regini,591
208652,Valentino Lazaro,590
7978,Paul Dummett,588
258162,Renato J\u00fanior Luz Sanches,588
14847,Ralf F\u00e4hrmann,587
25384,R\u00e9my Vercoutre,586
15533,Marco Terrazzino,586
37762,William Silva de Carvalho,586
286825,Jonjoe Kenny,585
14802,Marvin Bakalorz,585
3750,Mikel Balenziaga Oruesagasti,585
3822,Rub\u00e9n Blanco Veiga,583
370224,Rob Holding,582
14866,Jos\u00e9 Manuel Jurado Mar\u00edn,582
25700,Mathieu Debuchy,581
171283,Calum Chambers,581
3287,Cristian Portugu\u00e9s Manzanera,579
21114,Mirco Antenucci,579
25867,Pierre-Emerick Aubameyang,578
20638,Dario Dainelli,578
40806,Felipe  Anderson Pereira Gomes,578
25512,S\u00e9bastien Haller,576
127685,Milo\u0161 Joji\u0107,575
3866,Manuel Rolando Iturra Urrutia,575
43196,Wergiton do Ros\u00e1rio Calmon,574
116283,Diego Alejandro Rol\u00e1n Silva,574
140125,Nemanja Radoja,574
7986,Mehdi Abeid,573
8249,Marouane Fellaini-Bakkioui,573
8416,Glenn Murray,572
284469,Josip Brekalo,572
344140,Amath Diedhiou Ndiaye,572
254189,Iv\u00e1n L\u00f3pez \u00c1lvarez,572
149062,Tristan Dingom\u00e9,571
364772,Chidozie Collins Awaziem,570
260250,Wallace Fortuna dos Santos,570
110,Jetro Willems,566
18579,Marcel Halstenberg,566
3920,Pedro L\u00f3pez Mu\u00f1oz,565
21174,Edinson Roberto Cavani G\u00f3mez,564
105619,Admir Mehmedi,564
21177,Goran Pandev,564
3644,Pedro Bigas Rigo,564
3468,Juan Torres Ruiz,564
3324,\u00c1lvaro Borja Morata Mart\u00edn,563
25710,Bakary Adama Soumaoro,561
278867,Saidy Janko,561
224801,Ihlas Bebou,560
215281,Adama Mbengue,559
16443,Leon-Aderemi Balogun,558
51145,Oscar Hiljemark,557
25835,Fr\u00e9d\u00e9ric Sammaritano,556
3934,Nabil El Zhar,556
9283,Harry Arter,555
330387,Marcus Coco,555
302600,Suat Serdar,555
14760,Martin Harnik,554
20479,Fabio Quagliarella,554
3535,Jonathan  de Guzm\u00e1n,553
379209,Declan Rice,552
15012,H\u00e5vard Nordtveit,552
14888,Dennis Diekmeier,552
364850,H\u00e9ctor Junior Firpo Adames,552
91381,Jos\u00e9 Heriberto Izquierdo Mena,550
14945,,550
395636,Maximiliano G\u00f3mez Gonz\u00e1lez,550
364005,Federico Santiago Valverde Dipetta,548
344132,Theo Bernard Fran\u00e7ois Hern\u00e1ndez,548
70123,Axel  Witsel,548
8186,Scott Dann,547
14923,Marco Russ,547
20393,Daniele Bonera,547
69616,Ante Rebi\u0107,543
20468,Emanuele Giaccherini,543
25572,Andr\u00e9 Ayew Pel\u00e9,542
25418,Alphonse Ar\u00e9ola,542
56274,Yussuf Yurary Poulsen,542
343925,Daniele Verde,541
339964,Yoann Salmier,540
283142,Demarai Gray,539
50849,Etrit Berisha,538
20803,Mat\u00edas Aguirregaray Guruceaga,538
25939,Moustapha Elhadji Diallo,537
3436,Javier Manquillo Gait\u00e1n,536
25526,Jonathan Martins-Pereira,536
21234,Andrea Belotti,536
279717,Ainsley Maitland-Niles,535
37896,Eiji Kawashima,535
20525,Joel Chukwuma Obi,535
215983,Sofiane Boufal,534
9623,Robbie Brady,534
25809,Emmanuel Rivi\u00e8re,533
25764,Yannick Cahuzac,533
14772,Danny  Vieira da Costa,532
25878,Thomas Heurtaux,530
25947,Ba\u00efssama Sankoh,528
276920,Valent\u00edn Vada,528
5290,Mikel Rico Moreno,528
3267,Vicente Guaita Panadero,528
228639,Yannick Gerhardt,527
14864,Lewis Harry Holtby,527
3460,Jorge And\u00fajar Moreno,527
82690,Tom\u00e1\u0161 Koubek,526
25791,Steeve Yago,526
15292,Mark Uth,526
32968,Nordin Amrabat,524
25638,Dimitri Foulquier,524
20414,Mattia Valoti,524
77552,Nathan Dyer,523
10108,Kevin Long,523
125250,\u00d3scar Esau Duarte Gait\u00e1n,523
25898,M'Baye Babacar Niang,522
94828,Gaku Shibasaki,522
276983,Isaac Mbenza,521
144766,Nabil Bentaleb,521
20655,Luca Rigoni,521
286226,Manuel Locatelli,520
23314,Diego da Silva Farias,519
286553,Anwar El Ghazi,518
25403,Jordan Ferri,517
21578,Gianluca Di Chiara,517
269152,Giovanni Pablo Simeone,517
15214,Antonio Rukavina,516
328488,Patrick Burner,515
21162,Paolo Cannavaro,515
0,'alpha3code': 'CIV' 0,514
20663,Cyril Th\u00e9r\u00e9au,514
4358,V\u00edctor Laguardia Cisneros,514
3719,Roberto Jim\u00e9nez Gago,514
101652,Faustino Marcos Alberto Rojo,513
14789,Andr\u00e9 Sch\u00fcrrle,512
263091,Gerard Gumbau Garriga,512
396475,Achraf Hakimi Mouh,512
3408,Enric Saborit Teixidor,512
20802,Emiliano Viviano,512
300669,Andrija Bali\u0107,512
192,Jago\u0161 Vukovi\u0107,511
192,'alpha3code': 'CIV' 77,511
14731,Mario G\u00f3mez Garc\u00eda,510
25889,Romain Hamouma,509
26010,Olivier Giroud,509
3299,Fernando Pacheco Flores,509
26604,Yannis Salibur,508
230897,Federico Nicol\u00e1s Cartabia,508
28117,Rachid Ghezzal,505
286390,Ousmane Demb\u00e9l\u00e9,505
127534,Darko Lazovi\u0107,505
29641,Bryan Pel\u00e9,504
40538,Leandro Cast\u00e1n da Silva,504
3915,Keylor Navas Gamboa,503
105378,Yevhen Konoplyanka,502
37831,Carlos Arturo Bacca Ahumada,501
25650,Vincent Pajot,500
65254,Kevin Wimmer,500
14734,Nils Petersen,500
26381,Benjamin Corgnet,499
229124,Adrien Hunou,499
7915,Patrice Evra,498
64995,Guido Burgstaller,496
51151,Marcus Christer Rohd\u00e9n,495
340019,Gerson Santos da Silva,495
15054,Mame Biram Diouf,494
219350,Adama Niane,494
91064,Daniel Alejandro Torres Rojas,494
3704,Papakouli Diop,494
8268,Beno\u00eet Assou-Ekotto,493
366217,Kevin Danso,492
134420,Filippo Costa,492
20632,Christian Puggioni,492
20455,Gianluigi Buffon,492
9414,Matt Phillips,491
261127,Adnan Januzaj,490
247220,David Remeseiro Salgueiro,490
8284,Aaron  Lennon,489
396616,Rona\u00ebl Pierre-Gabriel,489
21438,Roberto Inglese,488
21314,Emil Hallfre\u00f0sson,488
3315,Lassana Diarra,487
8425,Wayne  Hennessey,487
146569,Marc-Oliver Kempf,487
37948,Alfre\u00f0 Finnbogason,487
20808,Ezequiel Mu\u00f1oz,487
49859,Aleksandar Dragovi\u0107,486
58978,Geoff Cameron,486
228946,,486
372904,,485
86243,Duv\u00e1n Esteban Zapata Banguera,485
25704,Florent Balmont,484
134294,Isaac Hayden,484
471348,Weston  McKennie,484
246175,Andrea Petagna,484
8959,Junior Stanislas,483
3293,Pablo Daniel Piatti,483
211885,Andr\u00e9 Filipe Tavares Gomes,483
282448,Aleix Garc\u00eda Serrano,481
4009,Mehdi Lacen,480
247222,\u00c1lvaro Medr\u00e1n Just,479
3327,Jos\u00e9 Luis Sanmart\u00edn Mato,478
9280,Scott Malone,478
70711,Edson Andr\u00e9 Sitoe,478
20685,Rene Krhin,477
25399,Mehdi Zeffane,477
134397,,477
51064,Emil Krafth,477
20623,Roberto Soriano,477
22889,Davide Zappacosta,476
9293,Marc Pugh,475
105622,Andriy Yarmolenko,475
7892,David Luiz Moreira Marinho,474
355937,Mason Holgate,474
246063,Stefano Sensi,473
22677,Gabriele Angella,472
8135,Luke Shaw,470
372753,Francisco Javier Guerrero Mart\u00edn,470
4086,Eneko B\u00f3veda Altube,470
70273,Jan Oblak,469
38095,Serge Gakp\u00e9,468
120631,Yassine Bounou,467
8240,S\u00e9amus Coleman,466
3566,Ignacio Camacho Barnola,466
282799,Stefan Posch,466
454457,Enrico Brignola,466
247169,Diego Gonz\u00e1lez Polanco,466
15194,Marcel Risse,464
149101,Almamy Tour\u00e9,462
448079,Isma\u00efla Sarr,462
3281,Juan Bernat Velasco,462
3305,Kl\u00e9per Laveran Lima Ferreira,462
15175,Loris Karius,461
149054,Wesley Sa\u00efd,461
97582,Moussa Konat\u00e9,461
272878,Andrea Nalini,461
25701,Lucas Digne,461
278813,Samuel Bastien,460
116171,Jo\u00e3o Pedro Geraldino dos Santos Galv\u00e3o,460
134494,Val\u00e8re Germain,459
4780,David Junc\u00e0 Re\u00f1\u00e9,459
20812,Afriyie Acquah,458
366563,Vahid Selimovic,457
14786,Karim Bellarabi,457
207001,Carlos Joaqu\u00edn Correa,457
7982,Davide Santon,456
15942,Lukas Rupp,455
223560,Levin Mete \u00d6ztunali,453
69396,Domagoj Vida,453
224080,Guillermo Alfonso Marip\u00e1n Loaysa,452
3843,Fabi\u00e1n Ariel Orellana Valenzuela,452
20855,Matias Ezequiel Schelotto,450
5167,Mariano D\u00edaz Mej\u00eda,449
4509,Omar Mascarell Gonz\u00e1lez,449
15024,Marco Reus,448
344075,I\u00f1igo C\u00f3rdoba Kerejeta,448
20517,Yuto Nagatomo,448
134769,Yannick Ferreira Carrasco,448
6513,Ra\u00fal Garc\u00eda Carnero,447
412897,Daniel Raba Antol\u00ed,447
3510,David Timor Copov\u00ed,447
50812,Jimmy Durmaz,446
332605,Ramadan Sobhi,446
15122,Dominik Maroh,445
301017,Marcus Thuram,443
338249,Gil Basti\u00e3o Dias,443
3806,Javier  L\u00f3pez Rodr\u00edguez,442
394006,Martin Terrier,440
38031,Christian Benteke Liolo,440
14855,Benedikt H\u00f6wedes,440
70215,Christian  Atsu Twasam,439
25795,Wissam Ben Yedder,439
25919,Julian Palmieri,438
5383,Antonio Garc\u00eda Aranda,438
64966,Markus Suttner,435
8514,Simon Mignolet,434
15085,Sandro Wagner,434
241957,Julian Pollersbeck,434
9123,Ashley Barnes,433
18704,Christian Mathenia,433
3290,Aritz Aduriz Zubeldia,433
250885,Santiago Mina Lorenzo,432
21098,Alfred Benjamin Gomis,432
20441,Erik Lamela,431
4355,David Garc\u00eda Santana,431
25805,Franck Tabanou,430
138577,Chris Philipps,430
247206,Pau L\u00f3pez Sabata,430
12829,Jamie Vardy,429
8005,James Michael Collins,428
49982,Amir Abrashi,428
132,Terence Kongolo,427
49857,Arlind Ajeti,427
14997,Jonathan Schmid,426
8533,St\u00e9phane Sess\u00e8gnon,426
5195,Juli\u00e1n Omar Ramos Su\u00e1rez,426
22202,Simone Zaza,426
222766,Bruno Miguel Boialvo Gaspar,426
26374,C\u00e9dric Varrault,425
192748,Matty James,424
302550,Brais M\u00e9ndez Portela,424
38015,Stef Peeters,423
4180,David Rodr\u00edguez Lomb\u00e1n,423
278007,Federico Ricca Rostagnol,423
223516,Robert Bauer,422
256998,,421
206314,Mauro Emanuel Icardi Rivero,421
16436,Collin Quaner,420
16094,Simon Terodde,420
3465,Fernando Navarro i Corbacho,419
3816,Sergio Garc\u00eda De La Fuente,419
149076,Valentin Eysseric,418
134413,Alessio Cragno,418
3425,Iker Muniain Go\u00f1i,418
134512,Corentin Jean,417
49869,Fabian Frei,417
3538,Mubarak Wakaso,417
41124,Edinaldo Gomes Pereira,416
230857,Yeray \u00c1lvarez L\u00f3pez,416
8903,Troy Deeney,415
25503,Georges Constant Mandjeck,415
417231,Claud Adjapong,415
3821,Sergio \u00c1lvarez Conde,415
189821,Marvin  Zeegelaar,414
331923,Kevin N'Doram,414
279538,Marcos Llorente Moreno,413
217872,Jules Iloki,412
259292,Federico Di Francesco,412
116345,Facundo Juli\u00e1n P\u00edriz Gonz\u00e1lez,411
8747,Peter Crouch,410
8628,Franco Mat\u00edas Di Santo,410
38079,Daniel Tawiah Opare,409
15823,Daniel Williams,408
8516,Phil Bardsley,408
234527,Alen Halilovi\u0107,408
20764,Luis Fernando Muriel Fruto,408
3714,Cristhian Ricardo Stuani Curbelo,407
293687,Dominic Calvert-Lewin,405
8301,Joe Hart,404
8981,Will Hughes,404
3348,Gerard Deulofeu L\u00e1zaro,404
8324,,403
8266,Heurelho da Silva Gomes,402
345707,Berkay \u00d6zcan,402
255732,Philipp Lienhart,402
86745,Walter Daniel Ben\u00edtez,401
18670,Lukas K\u00fcbler,401
4936,David Sim\u00f3n Rodr\u00edguez Santana,401
8530,James McClean,400
292654,Mouctar Diakhaby,400
292310,Luca Mazzitelli,400
70085,Eliaquim Mangala,399
21148,Nicola Rigoni,399
339791,Alejandro Berenguer Remiro,399
341751,Marc Navarro Ceciliano,399
8384,Shane  Long,398
397028,Dan-Axel Zagadou,398
21025,Riccardo Saponara,398
7941,Javier Hern\u00e1ndez Balc\u00e1zar,397
21678,Lorenzo Del Pinto,397
3458,Sergio Rico Gonz\u00e1lez,397
208716,Alessandro Sch\u00f6pf,394
221376,Ville Matti Steinmann,394
220341,Yussif Raman Chibsah,393
151,John Guidetti,393
7945,Daniel Nii Tackie Mensah Welbeck,391
7864,Francis Coquelin,391
145787,Joachim Andersen,390
250956,Federico Ricci,387
83836,Alexandru Iulian Maxim,385
272338,Lukas Kl\u00fcnter,385
20947,Alessio Cerci,385
214654,Steve Mouni\u00e9,384
212604,Tin Jedvaj,382
256634,Yerry Fernando Mina Gonz\u00e1lez,382
134708,Divock Okoth Origi,380
127928,Darko Bra\u0161anac,379
299557,\u00c1d\u00e1m Nagy,379
8495,Danny Drinkwater,377
25589,Ludovic Lamine San\u00e9,377
174,'alpha3code': 'CIV' 72,377
174,Filip \u0110uri\u010di\u0107,377
27354,J\u00falio Tavares,376
18591,Jonas Hofmann,376
333913,Kevin Lasagna,374
4048,Sergio Enrich Ametller,374
4593,Sergio Mora S\u00e1nchez,373
16027,Fin Bartels,372
274435,Enes \u00dcnal,372
20661,Alberto Paloschi,372
264989,Firmin Ndombe Mubele,371
8677,Michail Antonio,371
350032,Cengiz \u00dcnder,370
221452,Vincenzo Grifo,369
14763,Shinji Okazaki,368
21160,Miguel \u00c1ngel Britos Cabrera,367
12536,Dwight Gayle,367
20591,G\u00e9lson da Concei\u00e7\u00e3o Tavares Fernandes,367
20922,Norberto Murara Neto,367
86308,Claudio Ariel Yacob,366
3330,Oier Olaz\u00e1bal Paredes,366
286963,Mikel Vesga Arruti,366
24964,Manuel Pucciarelli,365
4513,Denis Cheryshev,365
9206,Chris Wood,364
134399,Davie Selke,364
15039,Konstantin Rausch,363
7849,Wojciech  Szcz\u0119sny,363
346908,Alessandro Murgia,363
246061,Federico Bernardeschi,363
7926,Lu\u00eds Carlos Almeida da Cunha,363
3674,Markel Bergara Larra\u00f1aga,363
10113,Ahmed Benali,362
385273,Charles  D\u00edas Barbosa de Oliveira,362
134,Bruno Martins Indi,361
11669,Callum Wilson,361
301635,Bingourou Kamara,359
21865,Marco Sau,359
256480,Keita Bald\u00e9 Diao,357
403449,Rog\u00e9rio Oliveira da Silva,357
15455,Johannes Geis,357
207164,Papa Alioune N'Diaye,356
134249,Rub\u00e9n Sobrino Pozuelo,356
3576,Juan Miguel Jim\u00e9nez L\u00f3pez,356
11294,Scott Arfield,354
4338,Diego da Silva Costa,354
21872,Luca Antei,354
123,Ola Toivonen,352
99438,Micha\u0142 Pazdan,352
344744,Nanitamo Jonathan Ikon\u00e9,351
391606,Tatsuya Ito,351
4131,\u00c1ngel Luis Rodr\u00edguez D\u00edaz,351
246059,Edoardo Goldaniga,351
3554,Rub\u00e9n Iv\u00e1n Mart\u00ednez Andrade,351
70834,Guilherme Costa Marques,351
326523,Daniel Ceballos Fern\u00e1ndez,351
408827,Bassem  Srarfi,350
38377,Laurent Depoitre,350
254898,Robert Kenedy Nunes do Nascimento,349
135788,Josip Elez,349
218896,Ondrej Duda,349
21019,Mirko Valdifiori,349
282441,Jes\u00fas Vallejo L\u00e1zaro,349
244335,Keagan Dolly,348
21894,Sergio Gont\u00e1n Gallardo,348
5653,Mart\u00edn Maximiliano Mantovani,348
326946,Racine Coly,347
5268,Sergio Le\u00f3n Limones,346
3428,Sergio  Asenjo Andr\u00e9s,346
86489,Lucas Nicol\u00e1s Alario,345
25577,Lo\u00efc R\u00e9my,344
4362,Jer\u00f3nimo Figueroa Cabrera,344
20526,Lorenzo Crisetig,344
29642,Gabriel Mart\u00edn Pe\u00f1alba,344
25521,Erwin Zelazny,343
134951,L\u00e9o Lacroix,343
8323,Denis Su\u00e1rez Fern\u00e1ndez,343
240032,Jan Bednarek,342
7958,Martin Kelly,342
447223,Jadon Sancho,342
252589,Bruno Petkovi\u0107,342
14804,Jakub B\u0142aszczykowski,341
222798,Robin Zentner,341
3798,D\u00eddac Vil\u00e1 Rossell\u00f3,341
5677,Bruno Gonz\u00e1lez Cabrera,341
105376,Nikola Kalini\u0107,341
8290,Alex  Pritchard,340
15019,Tony Jantschke,340
275032,Enzo Crivelli,339
397033,Boubakary Soumar\u00e9,339
18974,John Anthony Brooks,339
240445,Andreas Hoelgebaum Pereira,339
397174,Scott McTominay,338
347200,Christopher Nkunku,337
349099,Orel Mangala,337
5481,Miguel \u00c1ngel Guerrero Mart\u00edn,337
25637,Romain Danz\u00e9,336
275121,Jordan Torunarigha,335
8315,Nigel de Jong,334
20692,Ishak Belfodil,334
226005,Jorge Franco Alviz,334
215130,Nuno Miguel da Costa J\u00f3ia,332
29137,J\u00e9r\u00e9my Grimm,331
25930,Mamadou Samassa,331
21173,Christian Maggio,331
326535,Antonio Latorre Grueso,330
388398,Giuseppe Pezzella,330
4792,Patricio Gabarr\u00f3n Gil,330
9164,Charlie Taylor,329
303357,Philip Billing,329
224971,Erik Thommy,329
15018,Patrick Herrmann,328
26539,Prince Oniangu\u00e9,327
16122,Elias Kachunga,327
15782,Jan Mor\u00e1vek,326
20422,Maximiliano Gast\u00f3n L\u00f3pez,326
7879,Theo  Walcott,325
237269,Sa\u0161a Luki\u0107,325
99453,Pr\u00e9juce Niguimb\u00e9 Nakoulma,324
94764,Yoshinori Muto,323
285457,,323
90880,John Stiven Mendoza Valencia,322
26414,Guy Adolphe N'Gosso Massouma,322
101583,Sergei Ignashevich,322
3885,Leandro Daniel Cabrera Sas\u00eda,321
349102,Stephane Omeonga,321
25784,Aymen Abdennour,320
391441,Marco Friedl,320
293862,Ignacio Gil de Pareja Vicent,320
92908,Vassilis Torosidis,320
346913,Gianluca Mancini,320
21415,Alberto Brignoli,318
22152,Marcello Gazzola,318
40800,Paulo Henrique Chagas de Lima,317
14757,Zdravko Kuzmanovi\u0107,317
69513,Ante Budimir,316
22020,Andrey Galabinov,316
3735,Juan Carlos P\u00e9rez L\u00f3pez,316
415809,Fabio Depaoli,315
426702,,314
25423,Milan Bi\u0161evac,314
14762,Vedad Ibi\u0161evi\u0107,312
7850,,312
50800,Miiko Mart\u00edn Albornoz Inola,311
14712,Manuel Neuer,310
20519,Andrea Ranocchia,308
9615,James Chester,307
49971,Moritz Bauer,306
135927,Andr\u00e9 Miguel Valente Silva,306
366760,Lassana Coulibaly,304
5911,Sandro  Ram\u00edrez Castillo,304
3582,Adri\u00e1n San Miguel del Castillo,303
20949,Ryder Matos Santos,303
20626,Eder Citadin Martins,303
15232,Bobby Shou Wood,301
86716,Mauro Javier Dos Santos,301
20575,Du\u0161an Basta,301
49979,Daniel Pavlovic,301
22864,Luca Mora,300
8140,Adam Lallana,299
24269,Massimo Coda,299
1751,Oussama Tannane,298
21275,Andreas Granqvist,298
26032,,298
15877,Andr\u00e9 Hahn,297
26084,Lionel Jules Carole,297
26124,Benjamin Jeannot,296
25452,S\u00e9bastien Corchia,296
14845,Daniel Ginczek,295
14771,Vedran \u0106orluka,295
21861,Diego Falcinelli,293
48318,Jonathan Renato Barbosa,292
447821,Youssef En-Nesyri,292
278049,Erick Cathriel Cabaco Almada,292
351010,Patrick Cutrone,292
22158,Isaac Cofie,292
61941,Fraser Forster,291
21290,Stefano Sturaro,291
15952,Ermin Bi\u010dak\u010di\u0107,290
26433,J\u00e9r\u00e9my Cordoval,289
26024,Wesley Lautoa,288
134484,Amato Ciciretti,288
20446,Valerio Verre,288
7974,Rob Elliot,287
282772,Breel-Donald Embolo,287
298212,Dalbert Henrique Chagas Estev\u00e3o,286
284315,Marko Rog,286
6165,Florin Andone,286
20796,Mattia Destro,285
328131,Chadrac Akolo,284
239295,Vittorio Parigini,284
366546,Lebo Mothiba,282
293686,Jacob Murphy,281
25859,,280
26869,Ludovic Butelle,280
21373,Simone Romagnoli,280
76201,\u00c1d\u00e1m Lang,279
228765,Tim Kleindienst,278
20531,Wesley Sneijder,277
38093,Michy Batshuayi Tunga,276
10663,Andre Gray,276
14766,Ren\u00e9 Adler,276
234359,Patrik Schick,276
99452,Arkadiusz Milik,276
3685,Carlos Alberto Vela Garrido,276
285508,Kelechi Promise Iheanacho,274
284524,Jannes-Kilian Horn,274
269188,Pawe\u0142 Jaroszy\u0144ski,274
4232,Pedro Alcal\u00e1 Guirado,274
19392,Maximilian Philipp,272
15543,Simon Zoller,272
135937,Carlos Miguel Ribeiro Dias,272
255670,Cristiano Lombardi,272
404216,Boubacar Kamara,271
22552,Vid Belec,271
4014,Pedro Le\u00f3n S\u00e1nchez Gil,270
412701,Ihsan Sacko,269
26543,Jeremy Blayac,269
15695,Marcel Heller,269
51013,Robin Quaison,269
406682,Ademola Lookman,267
4683,Alexander Szymanowski,267
265318,Edimilson Fernandes,265
170738,Sauli V\u00e4is\u00e4nen,265
22614,Fabio Lucioni,265
135150,Andreas Evald Cornelius,265
25474,Abdoul Razzagui Camara,264
402898,Senna Miangue,264
25433,Mathieu Bodmer,263
143189,Rodrigue Casimir Ninga,263
25673,St\u00e9phane Bahoken,262
21322,Marco D'Alessandro,262
86307,Luciano Vietto,262
4003,Miguel Torres G\u00f3mez,262
239843,Zakaria Bakkali,260
139393,Abdullah Ibrahim Otayf,259
249926,Alois Confais,258
356908,Dzenis Burnic,258
72397,Simeon Tochukwu Nwankwo,258
25472,C\u00e9dric Bakambu,258
450784,\u00d3scar Melendo Jim\u00e9nez,256
343951,Tammy Abraham,254
38082,Felipe Trevizan Martins,254
9403,Craig Cathcart,252
279780,Jean-K\u00e9vin Augustin,252
281255,Emre Mor,252
37714,Yassine El Ghanassy,251
26167,Claudio Beauvue,251
498357,Ibrahima Niane,249
224896,Gerrit Holtmann,249
3994,Miguel \u00c1ngel Moy\u00e0 Rumbo,249
134797,Hernani Azevedo J\u00fanior,248
26676,Alexandre Oukidja,248
25517,,248
477744,Nicolas Louis Marcel Cozza,248
28965,Opa Nguette,247
21095,Matteo Darmian,245
382,Hyun-Jun Suk,245
25562,Morgan Amalfitano,244
20948,Stevan Joveti\u0107,244
4256,Aleix Vidal Parreu,244
29590,Emmanuel Bourgaud,243
165431,Kenan Karaman,243
265864,Nemanja Maksimovi\u0107,243
25514,Paul-Georges Ntep de Madiba,242
240042,Dawid Kownacki,242
122847,Salman Mohammed Al Faraj,242
61425,Mark  Milligan,242
17136,J\u00e9r\u00f4me Gondorf,240
32636,Cenk Tosun,239
229697,Yacine Bammou,238
7856,Per Mertesacker,237
366571,Christ Emmanuel Faitout Maouassa,237
21306,Domenico Maietta,237
217078,Daniel Amartey,236
284322,Ezequiel Ponce Mart\u00ednez,236
278320,David Soria Sol\u00eds,236
4350,Ra\u00fal Lizo\u00e1in Cruz,236
8627,Ben Watson,235
224965,Raphael Framberger,235
20637,Bo\u0161tjan Cesar,235
7961,Charlie Adam,234
37796,Danijel Mili\u010devi\u0107,234
1729,Riechedly Bazoer,234
7907,Daniel Sturridge,233
145692,El-Hadji Baye Oumar Niasse,233
70974,Iuri Jos\u00e9  Pican\u00e7o Medeiros,233
279555,Iv\u00e1n Alejo Peralta,233
259946,Adalberto Pe\u00f1aranda Maestre,233
250899,Carlos Mart\u00edn Vigaray,232
28948,Guessouma Fofana,231
15200,\u00c1d\u00e1m Szalai,231
70140,Daniel Filipe Martins Carri\u00e7o,231
4366,Hern\u00e1n Daniel Santana Trujillo,230
26008,Souleymane Camara,229
26069,Herv\u00e9 Bazile,229
45579,Everton Luiz Guimaraes Bilher,229
20503,Sergio Floccari,229
61961,Beram Kayal,228
258264,Luka Jovi\u0107,228
8142,Jason Puncheon,227
340476,Reece Oxford,227
77521,Aron Einar Gunnarsson,227
258254,Gian-Luca Waldschmidt,226
3710,Khouma El Hadji Babacar,226
20403,Simone Calvano,225
116225,Maximiliano Mart\u00edn Olivera De Andrea,225
4326,Roberto Rom\u00e1n Triguero,225
55968,Martin Braithwaite,224
277002,Fousseni Diabat\u00e9,223
8580,Alex McCarthy,223
3291,Francisco Alc\u00e1cer Garc\u00eda,223
8529,Sebastian Larsson,223
261,Nacer Chadli,222
99381,Artur J\u0119drzejczyk,222
407699,Bel Durel Avounou,221
20875,Daniele Dessena,221
271990,Lucas H\u00f6ler,220
38,Daley Blind,219
37726,Chancel Mbemba Mangulu,219
26336,Santiago Juan Gentiletti Selak,219
9194,Yannick Bolasie Yala,218
26044,Gilles Sunu,218
234138,Jan Repas,216
25445,Kevin Gameiro,216
101649,Nicol\u00e1s Mart\u00edn Pareja,215
21006,Lorenzo Tonelli,215
486252,Aaron Wan-Bissaka,214
334817,Lucas Ariel Boy\u00e9,213
15131,Mike Frantz,212
7908,Fernando Jos\u00e9 Torres Sanz,212
14707,Claudio Miguel Pizarro Bossio,211
263490,,211
352993,,211
8831,Chris Gunter,211
3875,Borja Gonz\u00e1lez Tom\u00e1s,210
22699,Antonino Ragusa,210
217052,Renato Steffen,209
38236,Jonathan Delaplace,209
26055,Julien Ielsch,208
37836,Maxime Lestienne,207
115933,Gianluca Lapadula,207
4879,Carles Gil de Pareja Vicent,207
8686,Hal Robson-Kanu,206
15141,Alexander Esswein,206
286215,Alex Meret,206
92864,Orestis Karnezis,205
26136,Benjamin Mendy,205
22578,Nicola Sansone,205
284476,Nikola Vla\u0161i\u0107,203
22135,Pietro Iemmello,203
292954,Mohammed Al Burayk,203
7980,Tam\u00e1s K\u00e1d\u00e1r,203
27955,Ga\u00ebtan  Laborde,202
5791,Juan Pablo A\u00f1or Acosta,202
101581,Vasili Berezutski,201
8953,Charlie Austin,199
20536,Giampaolo Pazzini,199
104851,Martin D\u00fabravka,198
28364,Mehdi Jean Tahrat,198
20690,Saphir Sliti Ta\u00efder,196
300373,Antonio Barreca,195
92900,Charalampos Lykogiannis,195
112459,H\u00e9ctor Miguel Herrera L\u00f3pez,195
40707,F\u00e1gner Conserva Lemos,195
15812,Sejad Salihovi\u0107,194
82266,Ladislav Krej\u010d\u00ed,194
3856,Francisco Jos\u00e9 Molinero Calder\u00f3n,194
75209,Rich\u00e1rd Guzmics,194
86722,Nicol\u00e1s Tagliafico,194
179,'alpha3code': 'CIV' 73,193
179,Luciano Narsingh,193
26610,Diafra Sakho,193
70134,Rui Pedro dos Santos Patr\u00edcio,193
15278,Christian Clemens,192
14728,Bastian Schweinsteiger,191
285727,Landry Nany Dimata,190
137048,Stefan Simi\u010d,190
523089,Andrea Danzi,190
4476,Iago Herrer\u00edn Buis\u00e1n,190
8362,Gareth McAuley,189
20478,Alessandro Matri,189
116170,Sebasti\u00e1n Carlos Crist\u00f3foro Pepe,189
25598,Gr\u00e9gory Sertic,188
234533,Stipe Perica,188
364820,Lorenzo Jes\u00fas Mor\u00f3n Garc\u00eda,188
3539,Hern\u00e1n Arsenio P\u00e9rez Gonz\u00e1lez,188
485383,Alejandro Miguel Mula Sanchez,188
28123,Clinton Mua N'Jie,187
61395,Trent Sainsbury,187
8034,Anga Dedryck Boyata,187
214609,Yoan Cardinale,186
9127,Sam Vokes,186
122832,Salem Mohammed Al Dawsari,186
4348,Mariano Dami\u00e1n Barbosa,186
20857,Manolo Gabbiadini,185
221047,Timo Letschert,185
7970,Andy Carroll,184
276978,Adama Diakhaby,183
8826,Karl Darlow,183
403546,Seung-Woo Lee,183
302542,Ignacio Vidal Miralles,183
257800,Aleksandr Golovin,183
3657,Tomer Hemed,182
7957,Glen Johnson,182
25406,Yoann  Gourcuff,182
269490,Florian Kath,182
8624,James McCarthy,181
410031,,181
112253,Marco Jhonfai Fabi\u00e1n De La Mora,180
23386,Luca Rizzo,180
41123,M\u00e1rio Figueira Fernandes,180
209207,Johann Obiang,179
338201,Emmanuel Okyere Boateng,179
3937,Roger Mart\u00ed Salvador,179
55983,Ragnar Sigur\u00f0sson,179
286831,Dominic Solanke,177
331763,Yassine  Meriah,177
26327,Idriss Saadi,176
91519,Jhon Andr\u00e9s C\u00f3rdoba Copete,175
103682,Roman Zobnin,175
86239,Guido Marcelo Carrillo,174
26245,Alexandre Letellier,174
233910,Anastasios Donis,174
70136,Santiago Arias Naranjo,174
7960,Martin \u0160krtel,173
3307,Ricardo Alberto Silveira de Carvalho,173
7888,Nathaniel Chalobah,172
272435,Timo H\u00fcbers,172
259524,Shaquell Moore,172
25616,Chaouki Ben Saada,171
289827,Kevin Bonifazi,170
341752,Marc Roca Junqu\u00e9,170
91019,Juan Fernando Quintero Paniagua,170
471,,169
437636,Jessy Deminguet,168
26547,Billy Ketkeophomphone,168
94814,Gen Sh\u014dji,168
447812,Thomas Edwards,167
419784,Hamza Choudhury,167
413041,Jawad El Yamiq,167
105341,Taras Stepanenko,167
37724,Roland Juh\u00e1sz,166
61963,Joe Ledley,166
85438,Robert Beri\u010d,165
245813,Lys Mousset,165
8372,Zolt\u00e1n Gera,165
122940,Yasir Gharsan Al Shahrani,165
25885,Molla Wagu\u00e9,164
254649,Takuma Asano,164
3785,Francisco Casilla Cort\u00e9s,164
54451,Birkir M\u00e1r S\u00e6varsson,164
434159,Sam Field,163
20420,Zlatan Ibrahimovi\u0107,163
8410,Mile Jedinak,163
20450,Bojan Krk\u00edc P\u00e9rez,162
77557,Wayne Routledge,162
4113,Xabier Etxeita Gorritxategi,162
3736,Franco Zuculini,162
115146,Miguel \u00c1ngel Trauco Saavedra,162
101795,,161
25741,Yeni Atito N'Gbakoto,161
25789,Cheikh M'Bengue,161
38084,Birkir Bjarnason,161
25408,Kim K\u00e4llstr\u00f6m,161
25662,David Ospina Ram\u00edrez,160
8391,Juli\u00e1n Speroni,160
101616,J\u00e1n \u010eurica,160
26033,Yann Jouffre,159
101635,Felipe Salvador Caicedo Corozo,159
99633,Igor Lewczuk,158
18581,Florian H\u00fcbner,156
21119,Riccardo Meggiorini,156
393881,Hern\u00e1n Dar\u00edo Toledo,156
240559,Ja\u00efro Riedewald,155
345740,Pedro Miguel Almeida Lopes Pereira,154
217878,Lo\u00efs Diony,153
20523,Ricardo Gabriel \u00c1lvarez,153
149846,C\u00e9sar Alejandro Falletti dos Santos,153
103668,Ilya Kutepov,153
61651,Aziz Eraltay Behich,153
377757,Lyanco Evangelista Silveira Neves Vojnovi\u0107,152
3326,Jes\u00e9 Rodr\u00edguez Ruiz,151
119630,Islam Slimani,151
366542,Jeff Reine-Adelaide,151
402017,Bright Gyamfi,150
20410,Sulley Ali Muntari,150
91122,Juan Jos\u00e9 Narv\u00e1ez Solarte,150
21285,Juraj Kucka,150
99446,Krzysztof M\u0105czy\u0144ski,150
425923,Gian-Luca Itter,149
267185,Christian Dell'Orco,149
337960,Marco Richter,148
225946,Arnaldo Antonio Sanabria Ayala,148
263591,Alessandro Deiola,148
120853,Ferjani Sassi,148
25781,Yohann Pel\u00e9,147
40787,Emerson Palmieri dos Santos,146
444439,Vasilije Janji\u010di\u0107,146
337890,Maximilian Mittelst\u00e4dt,145
3398,Ra\u00fal Fern\u00e1ndez-Cavada Mateos,145
6914,Alexander Alegr\u00eda Moreno,145
97555,Taleb Tawatha,144
21725,Michele Cremonesi,144
298385,Borja Herrera Gonz\u00e1lez,144
408293,Javier Ontiveros Parra,144
448210,Edson Omar \u00c1lvarez Vel\u00e1zquez,144
131321,,143
8392,Nathaniel Clyne,143
173213,Marc Stendera,143
25871,Yoric Ravet,143
388099,Enrico Bearzotti,143
77544,Neil Taylor,143
51127,Ari Freyr Sk\u00falason,143
28073,Santy Ngom,142
99511,Mariusz St\u0119pi\u0144ski,142
274970,Alexandre Mendy,142
105616,Brown Ideye Aide,142
3399,Gorka Iraizoz Moreno,142
119975,Mohamed Abdel-Shafi,142
20505,Stefano Okaka Chuka,141
229110,Thomas Didillon,141
237267,Milan Gaji\u0107,141
385655,Jean-Claude Billong,141
32656,Sel\u00e7uk \u0130nan,141
40765,Lucas Rodrigues Moura da Silva,140
337225,Rolando Aarons,139
3708,Jairo Samperio Bustara,139
15193,Eugen Polanski,139
20476,Marco Borriello,139
15061,Tobias Sippel,138
364870,Adri\u00e1n Di\u00e9guez Grande,138
3519,Diego L\u00f3pez Rodr\u00edguez,138
437417,Tarek Hamed,138
7898,John Michael Nchekwube Obinna,137
373768,Riccardo Orsolini,136
20406,Mathieu Flamini,136
62221,K\u00e1ri \u00c1rnason,136
101699,Alexandr Samedov,136
346071,Oliver Burke,135
391643,Paul Jaeckel,135
386197,Connor Roberts,134
354997,Sergio Duvan C\u00f3rdova Lezama,134
94650,Genki Haraguchi,134
336178,Jes\u00fas Daniel Gallardo Vasconcelos,134
299154,Samuel Moutoussamy,133
134351,Benik Afobe,133
24024,Francesco Zampano,133
120167,Abdallah Mahmoud El Said Bekhit,133
105595,Evgen Khacheridi,133
32597,Ricardo Andrade Quaresma Bernardo,133
404226,Myziane Maolida,132
15810,Dominik Kaiser,132
491365,Jann-Fiete Arp,132
265807,Jos\u00e9 Manuel Garc\u00eda Naranjo,132
230687,Emil Berggreen,131
14940,Adelino Andr\u00e9  Vieira Freitas,131
286506,Matthieu Udol,130
264084,Pierluigi Gollini,130
218971,Achraf Lazaar,130
443324,Douglas Luiz Soares de Paulo,130
373713,Christian Rivera Hern\u00e1ndez,130
399673,Esteban Rol\u00f3n,130
243931,Quentin Cornette,129
77550,Leon Britton,129
56394,Henrik Dalsgaard,129
51144,Viktor Claesson,128
101690,Bal\u00e1zs Dzsudzs\u00e1k,128
413597,,127
50023,Josip Drmic,127
45,Gregory van der Wiel,127
3677,Rub\u00e9n Pardo Guti\u00e9rrez,127
105332,Darijo Srna,127
101576,Igor Akinfeev,127
269189,Bartosz Kapustka,126
26038,Joel Nathaniel Campbell Samuels,126
22559,Francesco Migliore,126
114813,Christian Alberto Cueva Bravo,126
114723,V\u00edctor Yoshimar Yot\u00fan Flores,125
105329,Yaroslav Rakitskiy,125
20728,Jonathas Cristian de Jesus,124
23149,Gregoire  Defrel,124
137161,George Alexandru Pu\u015fca\u015f,124
20496,Danilo Lu\u00eds H\u00e9lio Pereira,124
101825,Igor Smolnikov,124
69964,Josip Pivari\u0107,123
122839,Osama Abdulrezag Hawsawi,123
246928,W\u00edlmar Enrique Barrios Ter\u00e1n,123
145030,Caleb Stanko,122
285509,Isaac  Ajayi Success,122
114709,Luis Jan Piers Adv\u00edncula Castrill\u00f3n,122
396628,Nicolas Basin,121
4255,Jos\u00e9 Leonardo Ulloa,121
26085,Florentin Pogba,121
356928,Tim-Henry Handwerker,121
134429,Leonardo Capezzi,121
6577,Pedro L\u00f3pez Galisteo,121
3551,Wilfredo Daniel Caballero,120
15503,Florian Niederlechner,120
4440,Borja Valle Balonga,120
120156,Ahmed Fathy Abdel Meneim Ibrahim,120
278383,\u00c1lvaro Jos\u00e9 Jim\u00e9nez Guerrero,120
472126,Julien Serrano,119
255935,Isaiah Brown,119
8296,Jermain  Defoe,119
391387,Aymen Barkok,119
344120,Borja Mayoral Moya,119
302798,Francesco Cassata,119
61949,Mikael Lustig,119
11155,Bryan Ruiz Gonz\u00e1lez,119
350569,Lorenco \u0160imi\u0107,118
33032,Kamil Grosicki,118
61367,Josh Risdon,118
405,Lasse Sch\u00f6ne,118
101846,Mbark Boussoufa,117
114617,Christian Guillermo Mart\u00edn Ramos Garagay,116
102157,Yury Gazinskiy,116
491409,Musa Barrow,115
275293,Samuel Garc\u00eda S\u00e1nchez,115
101669,Artem Dzyuba,115
239411,Tyrone Mings,114
245807,Far\u00e8s Bahlouli,114
15225,Sebastian Maier,114
20604,Angelo Esmael da Costa J\u00fanior,114
21517,Eros Schiavon,114
4329,Alejandro Arribas Garrido,114
38094,Imoh Ezekiel,113
254188,Mat\u00edas Nahuel Leiva Esquivel,113
86234,Enzo Nicol\u00e1s P\u00e9rez,113
57226,Hannes \u00de\u00f3r Halld\u00f3rsson,113
15804,Fabian Johnson,112
101596,Pavel Mamaev,112
101707,Fyodor Smolov,112
32642,Hakan Kadir Balta,112
25865,Bakary Sako,111
49907,Ra\u00fal Marcelo Bobadilla,111
105518,Artem Fedetskiy,111
93331,Konstantinos Mitroglou,110
29843,Arnold Bouka Moutou,110
299618,Nahitan Michel N\u00e1ndez Acosta,110
99437,Pawe\u0142 Olkowski,109
1722,Viktor Fischer,109
125260,David Alberto Guzm\u00e1n P\u00e9rez,109
59083,Gabriel Enrique G\u00f3mez Gir\u00f3n,109
26068,Lo\u00efc Puyo,108
14758,Ibrahima Traor\u00e9,108
433100,Lars Lukas Mai,108
149848,Felipe Nicol\u00e1s Avenatti Dovillabichus,108
21299,Rafael  de Andrade Bittencourt Pinheiro,108
167118,Erik Mor\u00e1n Arribas,108
354552,Simone Edera,107
3448,Arda Turan,107
122918,Hussain Al Mogahwi,107
61979,Kyle Bartley,106
352992,Jean-Victor Makengo,106
135810,Marko Pjaca,106
92334,Ansi Agolli,106
3289,Mehmet Topal,106
15206,G\u00e1bor Kir\u00e1ly,106
337647,Florian M\u00fcller,105
21282,Davide Biondini,105
142,Karim El Ahmadi Al Aroos,105
8773,Oliver Norwood,105
84536,Drago\u0219 Grigore,105
299121,Jae-Sung Lee,105
566942,Enzo Loiodice,104
69658,Petar Brlek,104
239288,Simone Scuffet,104
25998,Youn\u00e8s Belhanda,104
20628,Graziano Pell\u00e8,104
413002,Konstantinos Mavropanos,103
399576,Timo Stavitski,103
99423,Aleksandar Tonev,103
221039,Hakim Ziyech,103
50461,Armando Sadiku,102
3663,Antonio Miguel Ram\u00edrez Mart\u00ednez,102
15094,Roman Hubn\u00edk,102
25601,Cheick Tidiane Diabat\u00e9,101
25415,J\u00e9r\u00e9my Pied,100
25996,Mapou Yanga-Mbiwa,100
247162,Brandon Thomas Llamas,100
397303,Ferr\u00e1n Torres Garc\u00eda,100
11093,William Troost-Ekong,100
223071,Ozan Tufan,100
51343,Erik Johansson,100
209211,Micha\u00ebl Jordan Nkololo,99
38436,Christian Robert Santos Kwasniewski,99
50264,Burim Kukeli,99
83953,Ovidiu \u015etefan Hoban,99
128214,Aleksandar Mitrovi\u0107,98
146459,Maximiliano Eduardo Meza,98
86414,An\u00edbal Cesis Godoy,98
7928,Michael Carrick,97
92947,Konstantinos Stafylidis,97
116364,Erick Javier Davis Grajales,97
95010,Hotaru Yamaguchi,97
139078,Pedro Jes\u00fas Aquino S\u00e1nchez,97
14908,Marcus Berg,97
402884,Kyle Walker-Peters,96
3548,Giuseppe Rossi,96
336371,Guilherme Antonio Arana Lopes,96
107529,Yong Lee,96
3570,Eliseu Pereira dos Santos,96
229140,Yann Bodiger,95
222761,Afonso Mendes Ribeiro Figueiredo,95
3779,Alberto  Bueno Calvo,95
5147,Anthony Rub\u00e9n Lozano Col\u00f3n,95
342075,Nicolas Haas,95
114762,\u00c9dison Michael Flores Peralta,95
116166,Guillermo Varela Olivera,95
26938,Mathieu Michel,94
286994,Adri\u00e1n Mar\u00edn G\u00f3mez,94
120839,Ali Ma\u00e2loul,94
32582,Tom\u00e1\u0161 Sivok,94
32601,Tiago Manuel Dias Correia,94
77541,\u00c0ngel Rangel Zaragoza,93
15090,Thomas Kraft,93
138633,Hyun-Soo Jang,93
56,Davy Klaassen,92
65207,Robert Zulj,92
209354,Fakhreddine Ben Youssef,92
449921,Bakery Jatta,91
20874,Andrea Cossu,91
64972,Florian Klein,91
56424,Aron J\u00f3hannsson,90
220971,Daler Kuzyaev,90
8374,James  Morrison,89
20662,Sergio Pellissier,89
26226,Romain Sa\u00efss,89
70956,R\u00faben Afonso Borges Semedo,89
101647,Fedor Kudryashov,89
347593,Svante Ingelsson,88
70121,Osvaldo Nicol\u00e1s Fabi\u00e1n Gait\u00e1n,88
442211,Abdelhamid Sabiri,87
8761,Martin Cranie,87
286388,Arnaud Lusamba,87
3445,Eduardo Antonio Salvio,87
32524,G\u00f6khan G\u00f6n\u00fcl,87
91502,Andr\u00e9s Mateus Uribe Villa,87
95200,Young-Gwon Kim,87
9532,Saido Berahino,86
286382,Cl\u00e9ment Michelin,86
215265,Jaume Dom\u00e9nech S\u00e1nchez,86
8303,Costel Fane Pantilimon,86
273683,Fidel Escobar Mendieta,86
101623,Denis Glushakov,86
266885,Michael Olunga,85
105371,Ruslan Rotan,85
447379,Beni Baningime,84
302908,Anthony Ribelin,84
209095,Abdallah N'Dour,83
224206,Sam Byram,83
21272,Luca Antonelli,83
167119,Sabin Merino Zuloaga,83
134419,Andrea Conti,83
28094,Anice Badri,83
295156,Hirving Rodrigo Lozano Bahena,83
3813,Vladim\u00edr Weiss,83
8744,Glenn  Whelan,83
3372,Aythami Artiles Oliva,83
368642,Giovanni Crociata,82
20766,Haris Seferovi\u0107,82
198120,Ali Gabr,82
127530,Du\u0161ko To\u0161i\u0107,82
55224,Alexander S\u00f8rloth,81
397098,Reiss Nelson,81
391425,Ridle Bote Nzuzi Baku,81
14821,Michael Esser,81
239191,Milot Rashica,81
8213,Rub\u00e9n  Rochina Naixes,81
4343,Daniel Pacheco Lobato,81
489417,Erik Alexander Exp\u00f3sito Hern\u00e1ndez,81
15142,R\u00f3bert Mak,81
94630,Tomoaki Makino,81
220112,Mahmoud Ibrahim Hassan,81
3343,Ibrahim Afellay,80
288865,Oliver McBurnie,80
101620,Manuel Marouan da Costa Trinidade,80
55977,Cristian Gamboa Luna,80
4789,Carles Planas Antol\u00ednez,80
270828,Georges-Kevin N'Koudou Mbida,79
408052,Kouakou Herv\u00e9 Koffi,79
415748,Josh Tymon,79
20506,Raffaele Palladino,79
5907,Sergi Samper Monta\u00f1a,79
32523,Caner Erkin,79
105320,Andriy Pyatov,79
58105,J\u00f3n Da\u00f0i B\u00f6\u00f0varsson,79
281135,Matt Targett,78
209014,Farid Boulaya,78
8899,Alexander Ka\u010danikli\u0107,78
8272,Younes Kaboul,78
361498,Michael Amir Murillo Bermudez,78
32641,N\u00e9stor Fernando Muslera Micol,78
4319,Daniel Gim\u00e9nez Hern\u00e1ndez,78
270306,Steven Fort\u00e8s,77
25444,Kalifa Coulibaly,77
372547,Gerzino Nyamsi,77
115353,Anderson Santamar\u00eda Bardales,77
32793,Alfred John Momar N'Diaye,77
13451,Connor Goldson,76
3424,Fernando Llorente Torres,76
520617,Yann Aurel Bisseck,76
101856,Oleg Shatov,76
8955,Danny Ings,75
66,Kolbeinn Sig\u00fe\u00f3rsson,75
26216,Jessy Moulin,75
21078,Mariano Julio Izco,75
7848,Dami\u00e1n Emiliano Mart\u00ednez,75
403273,Victor James Osimhen,74
247212,Rafael Jes\u00fas Navarro Mazuelos,74
658,Kristiano Samuel Armenteros Nunez Mendoza Jansson,74
405597,Alessandro Bastoni,74
70095,Cristian Gabriel Rodr\u00edguez Barrotti,74
120900,Rami Bedoui,74
101705,Aleksandr Kokorin,74
253784,Baptiste Guillaume,73
374118,Quentin Boisgard,73
101555,Tom\u00e1\u0161 Hubo\u010dan,73
354043,Ghilane Chaalali,73
83753,Nicolae Claudiu Stanciu,73
74943,L\u00e1szl\u00f3 Kleinheisler,73
15050,Manuel Schmiedebach,72
786,R\u00f3bert Maz\u00e1\u0148,72
70090,Ionu\u021b Cristian S\u0103punaru,72
293080,Hamdi  Nagguez,72
209792,Brian Oladapo Idowu,72
101585,Georgi Shchennikov,72
86411,Armando Enrique Cooper Whitaker,72
28251,David Alcibiade,71
347026,Marco Tumminello,71
101857,Yuri Zhirkov,71
9622,Liam Rosenior,70
266917,Adama Traor\u00e9,70
375348,Moussa Wagu\u00e9,70
105328,Olexandr Kucher,70
149074,Nabil Dirar,70
86623,Augusto Mat\u00edas Fern\u00e1ndez,70
66654,Karim Onisiwo,69
14900,Gojko Ka\u010dar,69
91263,Rom\u00e1n Aureliano Torres Morcillo,69
16126,Robert Almer,69
3919,Iv\u00e1n L\u00f3pez Mendoza,69
15022,Roman Petrovich Neust\u00e4dter,69
471771,Imad Faraj,68
8049,Chung-Yong Lee,68
26665,K\u00e9vin B\u00e9rigaud,68
15813,Tobias Strobl,68
286225,Gianfilippo Felicioli,68
403272,Orji Okwonkwo,68
125284,Jhonny Acosta Zamora,68
6684,Jonathan Rodr\u00edguez Men\u00e9ndez,68
8017,Stephen  Ireland,67
49992,Izet Hajrovi\u0107,67
50798,Robin Olsen,67
125076,Ambroise Oyongo Bitolo,66
105331,Vyacheslav Shevchuk,66
112777,Hugo Ayala Castro,66
134702,Leander Dendoncker,66
122577,Taisir Jabir Al Jassim,65
25816,Francisco Guillermo Ochoa Maga\u00f1a,65
373817,Eden Massouema,64
137298,Jonathan Cristian Silva,64
12,Kenneth Josiah Omeruo,64
78488,Mat\u00fa\u0161 Koz\u00e1\u010dik,64
100140,Jacek G\u00f3ralski,64
62071,Darren Randolph,64
238832,Luca Garritano,63
78991,Omid Ebrahimi,63
3725,\u00c1d\u00e1m Pint\u00e9r,63
33235,Bogdan Sorin Stancu,63
274488,Joe Lolley,62
343116,Morgan Poaty,62
297733,Sam McQueen,62
54819,Alexander  Toft S\u00f8derlund,62
8346,Wesley Hoolahan,62
57347,Sverrir Ingi Ingason,62
38075,Laurent Ciman,62
15821,Sven Schipplock,61
373636,Vincent Sierro,61
7954,Sebasti\u00e1n Coates Ni\u00f3n,61
122615,Hattan Bahbir,61
99462,Tomasz Jod\u0142owiec,61
105330,R\u0103zvan Dinc\u0103 Ra\u021b,61
105716,Bohdan Butko,61
25938,Charly Charrier,60
93341,Marios Oikonomou,60
404209,Kwang-Song Han,60
285491,Francis Odinaka Uzoho,60
135207,H\u00f6r\u00f0ur Bj\u00f6rgvin Magn\u00fasson,60
343729,Ryan Kent,59
14822,Andreas Luthe,59
7891,Branislav Ivanovi\u0107,59
80019,Stuart Dallas,59
3541,Bruno  Soriano Llido,59
99391,Maciej Rybus,59
26131,Brice Samba,58
471589,Moussa Sylla,58
15800,Marvin Compper,58
241077,Edgar Yoel B\u00e1rcenas Herrera,58
79098,Ramin Rezaeian,58
144713,Patrik Hro\u0161ovsk\u00fd,58
401861,Jos\u00e9 Luis Rodriguez,58
267134,Roger Beyker Mart\u00ednez Tobinson,57
21959,Niccol\u00f2 Giannetti,57
127524,Nikola Maksimovi\u0107,57
86340,Carlos Andr\u00e9s S\u00e1nchez Arcosa,57
83591,Andrei Prepeli\u021b\u0103,57
49977,Michael Lang,57
61407,Tom Rogi\u0107,57
399564,Lasse S\u00f8rensen,56
302520,Joshua Sims,56
8066,Ben Hamer,56
274345,Seybou Koita,56
246633,Mattia Zaccagni,56
97,Andreas Isaksson,56
7869,O\u011fuzhan \u00d6zyakup,56
83824,Mihai Doru Pintilii,56
293857,Alexander Mesa Travieso,56
6292,Kenan Kodro,55
91,Charlison Benschop,55
122888,Yahya Sulaiman Al Shehri,55
114055,\u00d3scar David Romero Villamayor,55
122651,Omar Ibrahim Omar Othman Hawsawi,55
241566,Viktor Kovalenko,55
95490,Woo-Young Jung,55
15062,Kevin Trapp,54
54313,Saliou Ciss,54
287003,Benito Ram\u00edrez del Toro,54
3604,Rub\u00e9n Castro Mart\u00edn,54
70144,Alberto Junior Rodr\u00edguez Valdelomar,54
79449,Morteza Pouraliganji,54
86325,Jos\u00e9 Ramiro Funes Mori,53
482491,Zaydou Youssouf,53
3662,Claudio Andr\u00e9s Bravo Mu\u00f1oz,53
32572,Burak Y\u0131lmaz,53
50272,Olarenwaju Ayoba Kayode,53
105503,Serhiy Sydorchuk,53
82510,David Limbersk\u00fd,53
27959,,52
77502,Tom Heaton,52
300830,Adam Ounas,52
247173,Andr\u00e9s Tom\u00e1s Prieto Albert,52
293198,Hermes Arist\u00f3teles Romero,52
5327,Miguel \u00c1ngel Garrido Cifuentes,52
237836,Vahid Amiri,52
8935,Lee Grant,51
92922,Kevin Mirallas,51
9620,Corry Evans,51
55982,Bryan Oviedo,51
7871,Tom\u00e1\u0161  Rosick\u00fd,51
26971,Mathieu Gorgelin,50
3557,Jes\u00fas G\u00e1mez Duarte,50
239298,Federico Bonazzoli,50
285396,Cristian David Pav\u00f3n,50
499843,Eduardo Exp\u00f3sito Ja\u00e9n,50
20512,Matteo Bianchetti,49
388928,Amr Medhat Warda,49
11135,Aaron  Hughes,49
3681,Imanol Agirretxe Arruti,49
8246,Ross Barkley,48
279709,Kasey Palmer,48
25633,Abdoulaye Diallo,48
289122,Rick Karsdorp,48
50806,Pontus Jansson,48
139075,Renato Fabrizio Tapia Cortijo,48
127671,Vladimir Stojkovi\u0107,48
75292,Gerg\u0151 Lovrencsics,48
26093,Micka\u00ebl Le Bihan,47
337903,Elvis Rexhbecaj,47
70381,Ricardo Domingos Barbosa Pereira,47
8522,John  O'Shea,47
493412,Yoel Armougom,46
233855,S\u00e9ga Coulibaly,46
284580,Ailton Ferreira Silva,46
367146,Nicolas Janvier,46
239290,Elio Capradossi,46
101663,Dmitri Kombarov,46
295747,Dylan Bronn,46
101606,Ahmed Musa,46
79006,Sardar Azmoun,46
16151,Robbie Kruse,46
83972,Alexandru M\u0103\u021bel,46
8745,Dean Whitehead,45
275497,Gerard Valent\u00edn Sancho,45
400558,V\u00edctor Moya Mart\u00ednez,45
15080,Nicolai J\u00f8rgensen,45
51689,Branimir Hrgota,44
255320,Gabriel Boschilia,43
25467,Vincent Nogueira,43
20639,Boukary Dram\u00e9,43
356906,Felix Passlack,43
95299,Min-Woo Kim,43
8764,Richard Keogh,43
8436,David Edwards,43
519496,Fabio Gonz\u00e1lez Estupi\u00f1an,43
376908,Ablie Jallow,42
15201,Anthony Ujah,42
15797,Tom Starke,42
350992,Sadiq Umar,42
18544,Benno Schmitz,42
335634,Damir Ceter Valencia,42
104867,Viktor Pe\u010dovsk\u00fd,42
101558,Bruno Eduardo Regufe Alves,42
59003,Rafael M\u00e1rquez \u00c1lvarez,42
10014,Syam Ben Youssef,42
14785,Renato  Soares de Oliveira Augusto,42
79248,Ehsan Hajsafi,42
120,J\u00fcrgen Locadia,41
487983,Dylan Lempereur,41
481329,Pietro Pellegri,41
99749,Rafa\u0142 Gikiewicz,41
391449,Killian Jakob,41
415917,Gabriel dos Santos Magalh\u00e3es,41
516397,Mujaid Sadick Aliu,41
279560,Andoni Gorosabel Espinosa,41
354,Kriszti\u00e1n N\u00e9meth,41
91002,Oscar Fabi\u00e1n Murillo Murillo,41
241647,Saeid Ezatolahi Afagh,41
93339,Andi Lila,41
133897,Khadim N'Diaye,41
398219,Ali Al Bulayhi,41
256043,Hyun-Woo Cho,41
62331,Michael McGovern,41
213364,Giorgian Daniel De Arrascaeta Benedetti,41
447205,Phil Foden,40
344927,Seydou Sy,40
330395,Gauthier Hein,40
209567,Se-Jong Ju,40
125512,Francisco Javier Calvo Quesada,40
125575,Kendall Jamaal Waston Manley,40
6509,Munir Mohand Mohamedi,40
8583,Damien Delaney,39
62091,Jamie Murphy,39
21333,Yohan Benalouane,39
367620,Niklas Dorsch,39
50318,Ermir Lenjani,39
79381,Alireza Jahanbakhsh,39
14909,Jos\u00e9 Paolo Guerrero Gonz\u00e1lez,39
51398,Oscar Lewicki,39
125452,Johan Alberto Venegas Ulloa,39
285538,Seyed Majid Hosseini,39
82644,David Pavelka,39
346159,Joe Willock,38
216614,Christopher Martins Pereira,38
16922,Oliver Kragl,38
32566,Volkan \u015een,38
3394,Bruno Alexandre Vilela Gama,38
8421,Jonathan Williams,38
32923,Volkan Babacan,38
114798,Pedro David Gallese Quir\u00f3z,38
26046,Landry Bonnefoi,37
229119,Najib Gandi,37
347366,Jacob Bruun Larsen,37
49981,Taulant Ragip Xhaka,37
286381,Enock Kwateng,36
288423,Zin\u00e9dine Machach,36
3486,Andr\u00e9s Eduardo Fern\u00e1ndez Moreno,36
137143,Deian Boldor,36
79320,Mehdi Taremi,36
230626,Duje \u0106aleta-Car,36
361536,Ricardo Guardia Avila,36
83752,Lucian Iulian S\u00e2nm\u0103rtean,36
83590,Alexandru Mih\u0103i\u021b\u0103 Chipciu,36
25575,Andr\u00e9-Pierre Gignac,36
167117,Ager Aketxe Barrutia,35
264778,Moctar El Hacen El Id,35
120225,Marwan Mohsen,35
20596,Gabriel Andrei Torje,35
8989,Jamie Ward,35
265368,Abdullahi Shehu,35
65090,Du\u0161an \u0160vento,35
93084,Eldin Jakupovic,34
391603,Stephan Kofi Ambrosius,34
33082,\u00c1kos Elek,34
14730,Takashi Usami,34
278872,Jason Denayer,34
15015,Matthias Zimmermann,33
14913,Diego Benaglio,33
365880,Daichi Kamada,33
283062,Vanja Milinkovi\u0107-Savi\u0107,33
368340,Simone Lo Faso,33
90991,Franco Armani,33
32580,\u0130smail K\u00f6yba\u015f\u0131,33
104937,Norbert Gy\u00f6mb\u00e9r,33
113517,Blas Antonio Miguel P\u00e9rez Ortega,33
402014,Niccol\u00f2 Zanellato,32
344065,Andoni L\u00f3pez Saratxo,32
349687,Hee-Chan Hwang,32
282445,Ramiro Guerra Pereyra,32
286404,Ole K\u00e4uper,31
499295,Thomas Carrique,31
49883,Yvon Landry  Mvogo,31
252473,Samuel Gustafson,31
84017,Adrian Popa,31
263092,Francisco Borja Lasso de la Vega Gay\u00e1n,31
101592,Keisuke Honda,31
404397,Brahim Abdelkader Diaz,30
14717,Diego Contento,30
448127,Chris F\u00fchrich,30
400549,Pau Francisco Torres,30
243588,Bruno Miguel Borges Fernandes,30
139391,Motaz Ali Hassan Hawsawi,30
396484,Carlos Isaac Mu\u00f1oz Obejero,30
279541,Enzo Alan Zidane Fern\u00e1ndez,30
14872,Jefferson Agustin Farf\u00e1n Guadalupe,30
279571,Jon Bautista Orgilles,30
366203,Johannes Eggestein,29
265431,Bart\u0142omiej Dr\u0105gowski,29
122623,Fahad Mosaed Al Muwallad Al Harbi,29
361779,Cheick Keita,29
20704,Luca Caldirola,29
101607,Tom\u00e1\u0161  Necid,29
278324,Carlos Fern\u00e1ndez Luna,29
79149,Karim Ansarifard,29
125273,Daniel Colindres Solera,29
470517,Lemouya Goudiaby,28
347205,,28
14794,Roman Weidenfeller,28
278513,Jordan Tell,28
471947,Frank Evina,28
86350,Nereo Champagne,28
55988,Christian Bola\u00f1os Navarro,28
15285,Odise Roshi,28
107413,Chul Hong,28
51625,Seon-Min Moon,28
15196,Zolt\u00e1n Stieber,28
55957,Jonas Knudsen,28
21573,Marco Silvestri,27
131862,Luis Carlos Ovalle Victoria,27
120784,Farouk Ben Mustapha,27
3562,Sergio S\u00e1nchez Ortega,27
75131,Attila Fiola,27
125848,Adolfo Abdiel Machado,27
89073,Marcos Javier Acu\u00f1a,27
21351,Daniel Pudil,27
15244,Sebastian Jung,26
16411,Ramazan \u00d6zcan,26
405972,Alejandro Robles Garc\u00eda,26
339192,Mattia Vitale,26
376565,Aly Abeid,26
56146,R\u00farik G\u00edslason,26
225324,Rafa\u0142 Kurzawa,26
3349,Jonathan dos Santos Ram\u00edrez,26
280116,J\u00e9r\u00e9mie Porsan-Clemente,25
25604,Henri Saivet,25
221443,Mohamed Gouaida,25
217867,Anthony Walongwa,25
40574,Matheus D\u00f3ria Macedo,25
86785,Lisandro Ezequiel L\u00f3pez,25
262384,Luca Vido,25
238031,Alireza Safar Beiranvand,25
375771,Math\u00edas Olivera Miramontes,25
279570,Imanol Sarriegi Isasa,25
54375,Bo\u0159ek Do\u010dkal,25
14886,Muhamed Be\u0161i\u0107,24
351851,Vagner Jos\u00e9 Dias Gon\u00e7alves,24
399599,Alexander Isak,24
190168,Antonio Santurro,24
105587,Maksym Koval,24
352328,Ermedin Demirovi\u0107,24
332821,Tyronne Ebuehi,24
101580,Alexei Berezutski,24
32798,Gustav Svensson,24
101568,Roman Shirokov,24
105380,Roman Zozulya,24
247150,Aldo One Esteve,24
11270,Sam Morsy,24
122561,Abdullah Ibrahim Al Mayouf,24
259531,Emerson Hyndman,23
352985,Luca Zinedine Zidane,23
99430,\u0141ukasz Skorupski,23
253551,Walter Iv\u00e1n Montoya,23
3823,Yoel Rodr\u00edguez Oterino,23
82230,J\u00e1n Gregu\u0161,23
62001,Kyle Lafferty,23
282194,L\u00e1szl\u00f3 B\u00e9nes,22
14788,Stefan Kie\u00dfling,22
272436,Noah-Joel Sarenren-Bazee,22
437011,Hicham Mahou,22
120000,Mohamed El Shenawy,22
279566,Jon Guridi Aldalur,22
376474,Merveille Valthy Streeker Ndockyt,22
29625,Khalid Bouta\u00efb,22
406460,Alberto Redondo Guijarro,22
229078,J\u00e9r\u00f4me Prior,21
20771,Gianluca Pegolo,21
412914,Andreaw Rayan Gravillon,21
120898,Aymen Mathlouthi,21
125774,Jaime Manuel Penedo Cano,21
38598,Denis Alibec,21
26022,Lamine Gassama,21
278913,Joris Kayembe Ditu,20
25988,Henri Bedimo Nsam\u00e8,20
33,Jasper Cillessen,20
82528,Michal \u010euri\u0161,20
114864,Luis Carlos Tejada Hansell,20
11131,Chris Baird,20
86200,Sergio Ezequiel Ara\u00fajo,20
21104,Migjen Xhevat Basha,20
262048,Aleksey Miranchuk,20
388832,Julio Gracia Gallardo,20
337775,Fabian Reese,19
391439,Meritan Shabani,19
132972,George Gope-Fenepej,19
69610,Duje \u010cop,19
213387,Adri\u00e1n Ricardo Centuri\u00f3n,19
329202,Ulisses Alexandre Garcia Lopes,19
14744,William Vitved Kvist J\u00f8rgensen,19
112522,Jes\u00fas Manuel Corona Ru\u00edz,19
449985,Amine Gouiri,18
423162,Ethan Ampadu,18
421809,Vincent Marcel,18
448215,Linton Maina,18
26006,Jonathan Tinhan,18
101666,Aiden McGeady,18
101796,Marcos Danilo Ure\u00f1a Porras,18
8797,Conor McLaughlin,18
212651,Charly Junior Musonda,17
8752,Jonathan  Walters,17
399514,Tyrese Campbell,17
9179,Nahki Wells,17
471774,Timothy Weah,17
521939,Ignatius Kpene Ganago,17
216077,Abdul Rahman Baba,17
366193,Birk Risa,17
6363,Jon Ander Serantes Simon,17
268180,Rijad Baji\u0107,17
112679,Felipe Abdiel Baloy Ram\u00edrez,17
74968,Mih\u00e1ly Korhut,17
15282,S\u0142awomir Peszko,17
102382,Tam\u00e1s  Priskin,17
248328,Mohammed Khalil Al Owais,17
82359,Josef \u0160ural,17
8603,Daryl Murphy,17
69978,Tomi Juri\u0107,17
114624,Christopher Paolo C\u00e9sar Hurtado Huertas,17
119932,Mahmoud Abdul Monem Abdelhamid Soliman,17
297701,Philipp Ochs,16
397030,Stanley Nsoki,16
65880,Andr\u00e9 Ramalho Silva,16
415348,Nicholas Pierini,16
564512,,16
15199,Mario Gavranovi\u0107,16
116293,Harold Oshkaly Cummings Segura,16
84367,Steliano  Filip,16
20555,Lorik Agim Cana,16
16435,Adam Nemec,16
403613,Daniel Arzani,16
266312,Emanuel Cecchini,16
450826,Callum Hudson-Odoi,15
15474,Michael Hefele,15
8992,Paulo Dino Gazzaniga,15
454388,Bryan Mbeumo,15
70171,Emmanuel Imorou,15
404227,Ervin Taha,15
406156,Vincent Thill,15
16609,Danny Blum,15
207002,Brian Leonel Fern\u00e1ndez,15
49873,Valentin Stocker,15
470756,Alberto L\u00f3pez Jim\u00e9nez,15
360778,Luca Sparandeo,15
347024,Gianluca Scamacca,15
352722,\u013dubom\u00edr Tupta,15
15291,Lukas Podolski,15
234710,Conor Washington,15
93608,Ergys Ka\u00e7e,15
136509,Danny Ward,15
101953,Aleksandr Erokhin,15
101590,Alan Dzagoev,15
237268,Marko Gruji\u0107,14
25941,Thibault Giresse,14
333477,Alexander N\u00fcbel,14
35477,Joel Pohjanpalo,14
373350,Robin Hack,14
139295,Ra\u00efs M'Bolhi Ouhab,14
37959,No\u00eb Dussenne,14
278316,Jorge Ruiz Ojeda,14
27412,Cheikh N'Doye,14
333803,Milad Mohammadi,14
279556,Arona San\u00e9,14
238055,Andrew  Nabbout,14
520163,Diego Hern\u00e1ndez Barriuso,14
488750,Alejandro Guti\u00e9rrez Mozo,14
51262,Isaac Kiese Thelin,14
28055,Quentin Beunardeau,13
18728,Shawn Parker,13
99,Przemys\u0142aw Tyto\u0144,13
23124,Mamadou Yaye Kanoute,13
364641,Simone Pontisso,13
22817,Luigi Sepe,13
15076,Olcay \u015eahan,13
105606,Denys Garmash,13
54495,Bj\u00f6rn Bergmann Sigur\u00f0arson,13
62743,Jackson Irvine,13
3488,Asier Riesgo Unamuno,13
112392,Ra\u00fal Alonso Jim\u00e9nez Rodr\u00edguez,13
3509,Masoud Shojaei Soleimani,13
77536,Michel Vorm,12
20606,Sergio Germ\u00e1n Romero,12
26970,Jean-Christophe Bouet,12
248632,Mamadou Jean-Luc Diarra Domp\u00e9,12
15095,Christoph Janker,12
15192,Nicolai M\u00fcller,12
37734,Guillaume Gillet,12
364640,Simone Palombi,12
449978,Mehdi Pascal Marcel L\u00e9ris,12
75014,Barnab\u00e1s Bese,12
404285,V\u00edctor L\u00f3pez Ib\u00e1\u00f1ez,12
70410,\u00c9derzito Ant\u00f3nio Macedo Lopes,12
352748,Iv\u00e1n Rodr\u00edguez del Pozo,12
116997,Gabriel Arturo Torres Tejada,12
4814,Abel Enrique Aguilar Tapia,12
256854,Leonardo Gabriel Su\u00e1rez,12
70100,Marc Janko,12
3599,Jefferson Antonio Montero Vite,12
107424,Young-Sun Yun,12
5295,Odion Jude Ighalo,12
7979,Shane Ferguson,12
272829,Rouzbeh Cheshmi,12
272234,Mohamed Dr\u00e4ger,11
14764,Julian Schieber,11
354470,Emanuele Torrasi,11
14932,Slobodan Medojevi\u0107,11
419204,Moussa Diaby,11
21636,Eugenio Lamanna,11
239294,Jos\u00e9 Mauri,11
279721,Kaylen Hinds,11
69353,Lovre Kalini\u0107,11
70379,Jonathan Mat\u00edas Urretavizcaya da Luz,11
231713,Filip Bradari\u0107,11
256776,Anto Grgic,10
337732,Cedric Teuchert,10
331918,Dylan Bahamboula,10
14992,Karim Gu\u00e9d\u00e9,10
497355,Willem Geubbels,10
437057,Driss Khalid,10
22686,Fabio Giovanni Ceravolo,10
405602,Mirko Antonucci,10
127719,Aleksandar Katai,10
105344,Yevhen Seleznyov,10
140085,Andrija \u017divkovi\u0107,10
82684,David Lafata,10
485794,Sergio Arribas Bl\u00e1zquez,10
222324,Axel Werner,10
551398,David Alba Fern\u00e1ndez,10
25703,Pape  N'Diaye Souar\u00e9,9
339812,Pape Cheik Diop Gueye,9
448246,Palko D\u00e1rdai,9
25519,Maxime Dup\u00e9,9
472938,Luca Crosta,9
120269,Essam Kamal Tawfik El Hadary,9
56183,The\u00f3d\u00f3r Elmar Bjarnason,9
227059,Gelson Dany Batalha Martins,9
32539,Miroslav Stoch,9
122671,Mohammad Ibrahim Al Sahlawi,9
237274,Nemanja Radonji\u0107,9
26270,Claudiu Andrei Ke\u0219er\u00fc,9
122562,Yasser Abdullah Al Mosailem,9
8096,Glyn Oliver Myhill,8
234408,Jerome Sinclair,8
531655,Levi Lumeka,8
62344,Jay Fulton,8
346158,Eddie Nketiah,8
272280,Gianluca Gaudino,8
266532,Ebenezer Ofori,8
107548,Shin-Wook Kim,8
9525,Niall McGinn,8
92982,Ei\u00f0ur Sm\u00e1ri Gu\u00f0johnsen,8
286981,Antonio Sivera Salv\u00e1,8
32599,Manuel Henrique Tavares Fernandes,8
472194,Yacine Adli,7
405977,Jordi Mboula Queralt,7
415747,Jack Simpson,7
280157,Jordan Hugill,7
351808,Ben Woodburn,7
337799,Anas Ouahim,7
391551,Florian Mayer,7
476054,Marijan \u0106avar,7
520774,Eddy Anthony Salcedo Mora,7
434142,Fabrizio Caligara,7
14787,Eren Derdiyok,7
545811,Hugo Duro Perales,7
357992,Aitor Ruibal Garc\u00eda,7
136704,Paddy McNair,7
83082,Milan \u0160koda,7
207061,Adri\u00e1n Luciano Santos Sahibeddine,6
49921,Vincent R\u00fcfli,6
291528,Dodi Lukebakio,6
448708,Harvey Barnes,6
13745,Freddie Ladapo,6
6950,Pablo \u00cdnsua Blanco,6
472696,Sergio G\u00f3mez Mart\u00edn,6
223546,Kwasi Okyere Wriedt,6
426704,Lilian Fournier,6
21235,Karamoko Ciss\u00e9,6
491451,Alessandro Buongiorno,6
167104,Eloi Amagat Arimany,6
101847,Mehdi Carcela-Gonz\u00e1lez,6
396539,Jaime Sierra Mateos,6
8688,Simon Church,6
64078,Bekim Balaj,6
135113,Andrew Hjulsager,6
101682,Vladimir Granat,6
99479,\u0141ukasz Teodorczyk,6
500200,Miguel Angel Rubio Lestan,6
281254,Kasper Dolberg,6
284147,Mohammed Kanno,6
74958,Nemanja Nikoli\u0107,6
448038,Julien Ngoy,5
342088,Rayan Souici,5
493725,Simon Asta,5
471968,Nikolas Nartey,5
8537,Dong-Won Ji,5
485464,Oliva Christian Rutjens,5
21730,Michele Rigione,5
125268,Yeltsin Ignacio Tejeda Valverde,5
293128,Ahmed  Khalil,5
62235,Josh Magennis,5
49862,Joo-Ho Park,5
104745,Ji\u0159\u00ed Skal\u00e1k,5
354041,Mohamed Amine Ben Amor,5
552555,Ayoub El Kaabi,5
65084,Jakob Jantscher,5
447254,Rekeem Harper,4
227756,,4
353241,Lukas Nmecha,4
297258,Sullay Kaikai,4
285139,Nathan Allan de Souza,4
331913,Brighton Labeau,4
294697,Habibou Mouhamadou Diallo,4
26378,Sekou Baradji,4
361214,Rafik Zekhnini,4
472489,Jos\u00e9 Alonso Lara,4
337656,T\u00f6rles Kn\u00f6ll,4
405608,Andrea Pinamonti,4
145014,Onur Bulut,4
257006,Mario Gonz\u00e1lez Guti\u00e9rrez,4
366374,K\u00e9vin Olivier Soni,4
149050,Mouez Hassen,4
65064,Rubin Rafael Okotie,4
134954,Fr\u00e9d\u00e9ric Veseli,4
285590,Sofyan Amrabat,4
139080,Wilder Jos\u00e9 Cartagena Mendoza,4
241134,Ismael D\u00edaz De Le\u00f3n,4
59126,Rodney Wallace Burns,4
8247,Tim Cahill,4
57480,Arn\u00f3r Ingvi Traustason,4
15301,Uwe H\u00fcnemeier,3
447538,Michael Obafemi,3
8566,Sam Baldock,3
26603,Kevin Rimane,3
568583,Juan Cruz Diaz Esp\u00f3sito,3
3672,Carlos Mart\u00ednez D\u00edez,3
293856,Daniel Molina Orta,3
21128,Carlo Pinsoglio,3
75137,D\u00e1niel B\u00f6de,3
50072,Shk\u00eblzen Taib Gashi,3
82520,Daniel Kol\u00e1\u0159,3
131602,Abdiel Arroyo Molinar,3
122749,Muhannad Asiri Abu Radiah,3
89571,Ra\u00fal Mario Ruid\u00edaz Misitich,3
101813,Kornel Sal\u00e1ta,3
8297,Giovani dos Santos Ram\u00edrez,3
112710,Oribe Peralta Morones,3
339857,Jos\u00e9 Manuel Arn\u00e1iz D\u00edaz,3
26109,Massadio Ha\u00efdara,2
365707,Josh Cullen,2
503185,Josha Mamadou Karaboue Vagnomann,2
15254,Alexander Meier,2
342194,Olivier Verdon,2
363648,Julio C\u00e9sar Villalba Gaona,2
20972,Davide Di Gennaro,2
22053,Francesco Rossi,2
8025,Robbie Keane,2
15727,Aziz Bouhaddouz,2
53562,Saman Ghoddos,2
50411,Aleksandar Prijovi\u0107,2
91156,Miguel \u00c1ngel Borja Hern\u00e1ndez,2
107623,Yo-Han Go,2
14729,Anatoliy Tymoshchuk,2
257752,Marlos Moreno Dur\u00e1n,2
32706,R\u00e1ndall Azofeifa Corrales,2
33091,Erkan Zengin,2
532949,Dwight McNeil,1
25479,Sloan Privat,1
372316,Marcel Benger,1
301016,Romain Perraud,1
382289,Filip Kusi\u010d,1
286823,Mandela Egbo,1
461671,Giovanni Volpicelli,1
405880,Ognjen Stijepovi\u0107,1
41368,Maur\u00edcio dos Santos Nascimento,1
373441,Ian Rey Smith Quiros,1
32803,Stanislav \u0160est\u00e1k,1
6925,H\u00e9ctor Hern\u00e1ndez Ortega,1
65124,Lukas Hinterseer,1
64067,Sokol Cikalleshi,1
216568,Albert Gudmundsson,1
329026,Carlos Calder\u00f3n L\u00f3pez,1
400564,Dar\u00edo Poveda Romera,1
134911,Shani Tarashaj,1
15245,Gordon Schildenfeld,1
367391,Antonio Moya Vega,1
222676,Rafael Alexandre Fernandes Ferreira da Silva,1
